language_code,category,region_code,Term_Phrase_Item,notes,tags
de-DE,SLANG,,Geil,"Cool/Awesome (originally 'horny', widespread use)","Slang,General"
de-DE,SLANG,,Krass,Cool/Amazing/Extreme (expresses surprise or astonishment),"Slang,General"
de-DE,SLANG,,Hammer,Cool/Awesome (enthusiastic expression),"Slang,General"
de-DE,SLANG,,Kohle,Money,"Slang,General,Money"
de-DE,SLANG,,Knete,Money,"Slang,General,Money"
de-DE,SLANG,,Mäuse,Money,"Slang,General,Money"
de-DE,SLANG,,Asche,Money,"Slang,General,Money"
de-DE,SLANG,,Schotter,Money,"Slang,General,Money"
de-DE,SLANG,,Moos,Money,"Slang,General,Money"
de-DE,SLANG,,Penunzen,"Money (somewhat dated, humorous)","Slang,General,Money"
de-DE,SLANG,,Kneipe,Bar/Pub,"Slang,General"
de-DE,SLANG,Northern Germany,Büx,Pants,"Slang,General,Regional,Northern Germany"
de-DE,SLANG,,Karre,"Car (slangy, often for an old car)","Slang,General"
de-DE,SLANG,,Schlitten,Car (often for a cool or expensive car),"Slang,General"
de-DE,SLANG,,Abgehen,To party hard; for something to be amazing or start off,"Slang,General"
de-DE,SLANG,,Flexen,"To show off, to flex (borrowed from English)","Slang,General"
de-DE,SLANG,,Futtern,"To eat a lot, to chow down","Slang,General"
de-DE,SLANG,,Mampfen,"To munch, to eat with enjoyment","Slang,General"
de-DE,SLANG,,Spachteln,"To eat a lot and quickly, to scoff","Slang,General"
de-DE,SLANG,,Gelaber,"Gibberish, drivel, incessant talk","Slang,General"
de-DE,SLANG,,Happa-Happa,"Baby talk for ""food"" or ""eating""","Slang,General"
de-DE,SLANG,,Kippen,Cigarettes,"Slang,General"
de-DE,SLANG,,Fluppe,Cigarette,"Slang,General"
de-DE,SLANG,,Läuft bei dir!,Things are going well for you! / You're on a roll! (can be genuine or sarcastic),"Slang,General"
de-DE,SLANG,,Mahlzeit!,"Traditional greeting around lunchtime, especially in canteens or workplaces. Can also mean ""Enjoy your meal!""","Slang,General"
de-DE,SLANG,,Quatsch,"Nonsense, baloney","Slang,General"
de-DE,SLANG,,Bescheuert,Dumb/Stupid/Crazy,"Slang,General"
de-DE,SLANG,,Bekloppt,"Crazy, nuts","Slang,General"
de-DE,SLANG,,Töricht,"Foolish (more formal but can be used in a slangy, exasperated way)","Slang,General"
de-DE,SLANG,,Spinnen,To be crazy,"Slang,General"
de-DE,SLANG,,Einen an der Waffel haben,"To be crazy, to have a screw loose","Slang,General"
de-DE,SLANG,,Nicht alle Latten am Zaun haben,"To be crazy, to have a screw loose","Slang,General"
de-DE,SLANG,,Breit,Drunk or stoned,"Slang,General"
de-DE,SLANG,,Dicht,Very drunk,"Slang,General"
de-DE,SLANG,,Knülle,"Wasted, very drunk","Slang,General"
de-DE,SLANG,,Blau sein,To be drunk,"Slang,General"
de-DE,SLANG,,Pleite,Broke (financially),"Slang,General"
de-DE,SLANG,,Ebbe in der Kasse,Low on cash,"Slang,General"
de-DE,SLANG,,Abhauen,"To leave, to scram","Slang,General"
de-DE,SLANG,,Die Fliege machen,"To make a quick exit, to bolt","Slang,General"
de-DE,SLANG,,Bock haben / keinen Bock haben,To be in the mood for something / not be in the mood for something,"Slang,General"
de-DE,SLANG,,Null Bock,Absolutely no desire/interest,"Slang,General"
de-DE,SLANG,,Verarschen,"To kid, to pull someone's leg, to make fun of (can be vulgar)","Slang,General"
de-DE,SLANG,,Veräppeln,"To kid, to tease (milder than verarschen)","Slang,General"
de-DE,SLANG,,Anbaggern,"To hit on someone, to chat someone up","Slang,General"
de-DE,SLANG,,Rumkriegen,"To win someone over, to persuade, or to successfully seduce.","Slang,General"
de-DE,SLANG,,Pennen,"To sleep, to crash (informal)","Slang,General"
de-DE,SLANG,,Rumsitzen,"To sit around, often idly.","Slang,General"
de-DE,SLANG,,Abchecken,To check out (someone or something).,"Slang,General"
de-DE,SLANG,,Am Start sein,"To be present, to be ready, to be part of something.","Slang,General"
de-DE,YOUTH_SLANG,,Cringe,"Cringe, embarrassing (borrowed from English)","YouthSlang,Youth"
de-DE,YOUTH_SLANG,,Random,Random (borrowed from English),"YouthSlang,Youth"
de-DE,YOUTH_SLANG,,Safe,"Safe, definitely, for sure (borrowed from English)","YouthSlang,Youth"
de-DE,YOUTH_SLANG,,Lit,"Lit, awesome (borrowed from English)","YouthSlang,Youth"
de-DE,YOUTH_SLANG,,Goofy,"Goofy, clumsy, silly (borrowed from English; German Youth Word of 2023)","YouthSlang,Youth"
de-DE,YOUTH_SLANG,,No cap,"No cap, no lie (borrowed from English)","YouthSlang,Youth"
de-DE,YOUTH_SLANG,,Sick,"Sick, cool (borrowed from English)","YouthSlang,Youth"
de-DE,YOUTH_SLANG,,Vibe,Vibe (borrowed from English),"YouthSlang,Youth"
de-DE,YOUTH_SLANG,,Wack,"Wack, not cool (borrowed from English)","YouthSlang,Youth"
de-DE,YOUTH_SLANG,,YOLO (You Only Live Once),(borrowed from English; German Youth Word of 2012),"YouthSlang,Youth"
de-DE,YOUTH_SLANG,,Sus,"Suspicious (borrowed from English, popularized by ""Among Us"")","YouthSlang,Youth"
de-DE,YOUTH_SLANG,,Sau,Intensifier,"YouthSlang,Youth"
de-DE,YOUTH_SLANG,,Zocken,To play video games,"YouthSlang,Youth"
de-DE,YOUTH_SLANG,,Alter,Dude / Bro (can also express surprise or annoyance),"YouthSlang,Youth"
de-DE,YOUTH_SLANG,,Chillen,"To chill, to relax (adapted from English)","YouthSlang,Youth"
de-DE,YOUTH_SLANG,,Diss,"To diss, to disrespect (borrowed from English)","YouthSlang,Youth"
de-DE,YOUTH_SLANG,,Lost,"Lost, clueless, confused (borrowed from English; German Youth Word of 2020)","YouthSlang,Youth"
de-DE,YOUTH_SLANG,,Wild / Wyld,"Wild, crazy, intense (borrowed from English)","YouthSlang,Youth"
de-DE,YOUTH_SLANG,,Aura,"Personal aura/charisma or status, often used humorously (German Youth Word of 2024). Can be positive or negative.","YouthSlang,Youth"
de-DE,YOUTH_SLANG,,Schere,Used in gaming to admit a mistake (from a visual of crab's claws).,"YouthSlang,Youth,Gaming"
de-DE,YOUTH_SLANG,,Smash,"To start something with someone, to hit on someone (borrowed from English; German Youth Word of 2022)","YouthSlang,Youth"
de-DE,YOUTH_SLANG,,Ehrenmann / Ehrenfrau,"Good person, someone who is honorable or does something kind (German Youth Word of 2018, often used ironically now).","YouthSlang,Youth"
de-DE,YOUTH_SLANG,,I bims,"It's me (humorous, intentional misspelling of Ich bin's; German Youth Word of 2017).","YouthSlang,Youth"
de-DE,YOUTH_SLANG,,Fly sein,"To be awesome, to be cool (German Youth Word of 2016).","YouthSlang,Youth"
de-DE,YOUTH_SLANG,,Smombie,Smartphone zombie (person staring at their phone; German Youth Word of 2015).,"YouthSlang,Youth"
de-DE,YOUTH_SLANG,,Babo,"Boss, leader (German Youth Word of 2013).","YouthSlang,Youth"
de-DE,YOUTH_SLANG,,Swag,"Being cool, casual (German Youth Word of 2011).","YouthSlang,Youth"
de-DE,YOUTH_SLANG,,Niveaulimbo,"Meaningless conversations, discourse descending to ever lower levels (German Youth Word of 2010).","YouthSlang,Youth"
de-DE,YOUTH_SLANG,,Baddie,"A confident, attractive person (borrowed from English).","YouthSlang,Youth"
de-DE,YOUTH_SLANG,,Stabil,"Cool, impressive, solid, reliable.","YouthSlang,Youth"
de-DE,YOUTH_SLANG,,No front,No offense (often used before or after a critique).,"YouthSlang,Youth"
de-DE,YOUTH_SLANG,,Mashallah,"An Arabic term meaning ""God has willed it,"" used by German youth as slang to compliment something impressive or attractive.","YouthSlang,Youth"
de-DE,YOUTH_SLANG,,Gönn dir!,Treat yourself! (encouragement).,"YouthSlang,Youth"
de-DE,YOUTH_SLANG,,Auf Cringe,Doing something in an embarrassing way.,"YouthSlang,Youth"
de-DE,YOUTH_SLANG,,Sheesh,Expression of surprise or disbelief (borrowed from English).,"YouthSlang,Youth"
de-DE,YOUTH_SLANG,,Digga / Dicker,"Mate / Bro (close male friends, common across Germany, popularized by hip-hop).","YouthSlang,Youth"
de-DE,YOUTH_SLANG,,Bre / Brudi,Bro / Dude (largely influenced by German rap).,"YouthSlang,Youth"
de-DE,YOUTH_SLANG,,Wallah,"Arabic for ""I swear to God,"" used to emphasize something.","YouthSlang,Youth"
de-DE,YOUTH_SLANG,,Habibi,"Arabic for ""my dear"" or ""my love,"" used affectionately among friends.","YouthSlang,Youth"
de-DE,YOUTH_SLANG,,Lauch,"A skinny or weak person, a dweeb","YouthSlang,Youth"
de-DE,YOUTH_SLANG,,Opfer,"Victim, often used to mean loser (can be offensive).","YouthSlang,Youth"
de-DE,YOUTH_SLANG,,Ehre genommen,"Honor taken (used when someone is severely outplayed or humiliated, especially in gaming).","YouthSlang,Youth,Gaming"
de-DE,YOUTH_SLANG,,Alman,"Often used humorously or critically to describe someone stereotypically German (e.g., overly punctual, rule-abiding).","YouthSlang,Youth"
de-DE,YOUTH_SLANG,,Fotobeweis oder es ist nicht passiert,Photo proof or it didn't happen (common online/social media phrase).,"YouthSlang,Youth,Internet"
de-DE,YOUTH_SLANG,,Side Eye,"(Borrowed from English) A sidelong glance expressing disapproval, skepticism, or judgment.","YouthSlang,Youth"
de-DE,YOUTH_SLANG,,Rizz,"(Borrowed from English) Charisma, romantic appeal, or skill in charming potential partners.","YouthSlang,Youth"
de-DE,YOUTH_SLANG,,NPC (Non-Player Character),"(Borrowed from English gaming slang) Someone perceived as lacking original thought or acting in a programmed, unthinking way.","YouthSlang,Youth,Gaming"
de-DE,URBAN_SLANG,Berlin,Kiez,"Neighborhood (especially in Berlin and Hamburg). In Hamburg, often refers specifically to the Reeperbahn.","UrbanSlang,Urban,Berlin,Hamburg"
de-DE,URBAN_SLANG,Berlin,Späti (Spätkauf),Late-night corner store (particularly common in Berlin).,"UrbanSlang,Urban,Berlin"
de-DE,URBAN_SLANG,Berlin,Stampe,Dive bar/Drinking den (Berlin).,"UrbanSlang,Urban,Berlin"
de-DE,URBAN_SLANG,Berlin,Kotti,"Kottbusser Tor (U-Bahn station and area in Kreuzberg, Berlin - nickname).","UrbanSlang,Urban,Berlin"
de-DE,URBAN_SLANG,Berlin,Görli,"Görlitzer Bahnhof (U-Bahn station) or Görlitzer Park (park in Kreuzberg, Berlin - nickname).","UrbanSlang,Urban,Berlin"
de-DE,URBAN_SLANG,Berlin,Schlesi,"Schlesisches Tor (U-Bahn station in Kreuzberg, Berlin - nickname).","UrbanSlang,Urban,Berlin"
de-DE,URBAN_SLANG,Berlin,Alex,"Alexanderplatz (major square and transport hub in Mitte, Berlin - nickname).","UrbanSlang,Urban,Berlin"
de-DE,URBAN_SLANG,Berlin,Rosi,"Rosenthaler Platz (U-Bahn station and square in Mitte, Berlin - nickname).","UrbanSlang,Urban,Berlin"
de-DE,URBAN_SLANG,Berlin,F'hain,"Friedrichshain (district, Berlin - nickname).","UrbanSlang,Urban,Berlin"
de-DE,URBAN_SLANG,Berlin,Xberg / Kreuzberg36 / SO36,"Kreuzberg (district, Berlin - nickname, with 36 referring to a former postal code area known for its alternative scene).","UrbanSlang,Urban,Berlin"
de-DE,URBAN_SLANG,,Multi-Kulti,Multicultural (often used to describe diverse neighborhoods).,"UrbanSlang,Urban"
de-DE,URBAN_SLANG,,Szeneviertel,Trendy/alternative district.,"UrbanSlang,Urban"
de-DE,REGIONAL_SLANG,Bavaria,A Maß,A one-liter mug of beer.,"RegionalSlang,Regional,Bavaria"
de-DE,REGIONAL_SLANG,Bavaria,Basd scho!,It's alright! / It'll be okay! (Passt schon!).,"RegionalSlang,Regional,Bavaria"
de-DE,REGIONAL_SLANG,Bavaria,I hob di liab,I love you (more heartfelt than Ich liebe dich in some contexts).,"RegionalSlang,Regional,Bavaria"
de-DE,REGIONAL_SLANG,Bavaria,Fei,"Intensifier (no direct translation, adds emphasis or a sense of obviousness).","RegionalSlang,Regional,Bavaria"
de-DE,REGIONAL_SLANG,Bavaria,Dirndl,Traditional dress for women.,"RegionalSlang,Regional,Bavaria"
de-DE,REGIONAL_SLANG,Bavaria,Lederhosen,Traditional leather trousers for men.,"RegionalSlang,Regional,Bavaria"
de-DE,REGIONAL_SLANG,Bavaria,Biergarten,Beer garden.,"RegionalSlang,Regional,Bavaria"
de-DE,REGIONAL_SLANG,Bavaria,Semmel,Bread roll (instead of Brötchen).,"RegionalSlang,Regional,Bavaria"
de-DE,REGIONAL_SLANG,Bavaria,Brezn,Pretzel.,"RegionalSlang,Regional,Bavaria"
de-DE,REGIONAL_SLANG,Bavaria,Schmarrn,Nonsense; also a type of fluffy shredded pancake (Kaiserschmarrn).,"RegionalSlang,Regional,Bavaria"
de-DE,REGIONAL_SLANG,Bavaria,Grias God / Grüß Gott,Hello,"RegionalSlang,Regional,Bavaria,Greeting"
de-DE,REGIONAL_SLANG,Bavaria,Servus,Hello / Goodbye (also used in Austria).,"RegionalSlang,Regional,Bavaria,Austria,Greeting,Farewell"
de-DE,REGIONAL_SLANG,Bavaria,Pfiati / Pfiat di / Pfiat Eich,"Goodbye (to one person / to multiple people, informal).","RegionalSlang,Regional,Bavaria,Farewell"
de-DE,REGIONAL_SLANG,Bavaria,Hock di her da!,Sit down here!,"RegionalSlang,Regional,Bavaria"
de-DE,REGIONAL_SLANG,Bavaria,Pack ma's!,Let's do it! / Let's get started!,"RegionalSlang,Regional,Bavaria"
de-DE,REGIONAL_SLANG,Bavaria,Schleich di!,Get lost! / Go away! (rude).,"RegionalSlang,Regional,Bavaria"
de-DE,REGIONAL_SLANG,Bavaria,Zipfeklatscher,"Idiot, fool (vulgar)","RegionalSlang,Regional,Bavaria,Insult"
de-DE,REGIONAL_SLANG,Bavaria,Norgerl,The last bit of beer/drink in a glass.,"RegionalSlang,Regional,Bavaria"
de-DE,REGIONAL_SLANG,Bavaria,Scherzerl,The first or last crusty piece of a loaf of bread.,"RegionalSlang,Regional,Bavaria"
de-DE,REGIONAL_SLANG,Bavaria,Krapfen,Doughnut (Berliner elsewhere).,"RegionalSlang,Regional,Bavaria"
de-DE,REGIONAL_SLANG,Bavaria,Watschn,A slap in the face.,"RegionalSlang,Regional,Bavaria"
de-DE,REGIONAL_SLANG,Bavaria,Gspusi,"Affair, fling; or sweetheart.","RegionalSlang,Regional,Bavaria"
de-DE,REGIONAL_SLANG,Bavaria,Noagerlzwuzler,Someone who drinks the dregs from other people's glasses (humorous insult).,"RegionalSlang,Regional,Bavaria,Insult"
de-DE,REGIONAL_SLANG,Swabia,-le,Diminutive suffix,"RegionalSlang,Regional,Swabia"
de-DE,REGIONAL_SLANG,Swabia,Lätsch,Face (often negative); also an Lätsch zieha - to pull a face.,"RegionalSlang,Regional,Swabia"
de-DE,REGIONAL_SLANG,Swabia,Spleiß,Splinter.,"RegionalSlang,Regional,Swabia"
de-DE,REGIONAL_SLANG,Swabia,Kehrwoche,Cleaning week (a unique Swabian tradition of shared cleaning duties in apartment buildings).,"RegionalSlang,Regional,Swabia,UniqueConcept"
de-DE,REGIONAL_SLANG,Swabia,Muggeseggele,A fly's scrotum (humorous term for a very small unit of measurement).,"RegionalSlang,Regional,Swabia,Wordplay"
de-DE,REGIONAL_SLANG,Swabia,Gschwend,"Quick, fast.","RegionalSlang,Regional,Swabia"
de-DE,REGIONAL_SLANG,Swabia,Ade,Farewell.,"RegionalSlang,Regional,Swabia,Farewell"
de-DE,REGIONAL_SLANG,Swabia,Grüß dich / Griaßde,Hello (informal).,"RegionalSlang,Regional,Swabia,Greeting"
de-DE,REGIONAL_SLANG,Swabia,Salli!,"Hi! (influenced by French ""Salut"").","RegionalSlang,Regional,Swabia,Greeting"
de-DE,REGIONAL_SLANG,Swabia,Heidenei!,Exclamation of surprise (Wow! / Good heavens!).,"RegionalSlang,Regional,Swabia,Interjection"
de-DE,REGIONAL_SLANG,Swabia,Viertelesschlotzer,"Someone who enjoys drinking a Viertele (0.25l) of wine, typical for the region.","RegionalSlang,Regional,Swabia"
de-DE,REGIONAL_SLANG,Swabia,Bräschdleng,Strawberries.,"RegionalSlang,Regional,Swabia"
de-DE,REGIONAL_SLANG,Swabia,Bobbele,"Baby, small child (Baden area, close to Swabia).","RegionalSlang,Regional,Swabia,Baden"
de-DE,REGIONAL_SLANG,Northern Germany,Schnacken,To talk or chat (particularly Hamburg).,"RegionalSlang,Regional,Northern Germany,Hamburg"
de-DE,REGIONAL_SLANG,Northern Germany,Klönen,"To talk or chat, often leisurely (particularly Hamburg).","RegionalSlang,Regional,Northern Germany,Hamburg"
de-DE,REGIONAL_SLANG,Northern Germany,Schietwetter,Shitty weather (common due to coastal climate).,"RegionalSlang,Regional,Northern Germany"
de-DE,REGIONAL_SLANG,Northern Germany,Angeschickert,"Slightly intoxicated, tipsy.","RegionalSlang,Regional,Northern Germany"
de-DE,REGIONAL_SLANG,Northern Germany,Lütte,(The small) child; also used for small things,"RegionalSlang,Regional,Northern Germany"
de-DE,REGIONAL_SLANG,Northern Germany,Alsterwasser,"Mix of beer and lemonade (Hamburg, similar to Radler).","RegionalSlang,Regional,Northern Germany,Hamburg"
de-DE,REGIONAL_SLANG,Northern Germany,Moin,Hello (used throughout the day).,"RegionalSlang,Regional,Northern Germany,Greeting"
de-DE,REGIONAL_SLANG,Northern Germany,Moinsen,Playful variation of Moin.,"RegionalSlang,Regional,Northern Germany,Greeting"
de-DE,REGIONAL_SLANG,Northern Germany,Fischkopp,"Fish head (playful, sometimes derogatory term for people from the coast).","RegionalSlang,Regional,Northern Germany"
de-DE,REGIONAL_SLANG,Northern Germany,Deern,"Girl, young woman.","RegionalSlang,Regional,Northern Germany"
de-DE,REGIONAL_SLANG,Northern Germany,Jung,"Boy, young man.","RegionalSlang,Regional,Northern Germany"
de-DE,REGIONAL_SLANG,Northern Germany,Kiek mol wedder in!,Stop by again sometime!,"RegionalSlang,Regional,Northern Germany"
de-DE,REGIONAL_SLANG,Northern Germany,Tüdelkram,"Nonsense, fiddly stuff.","RegionalSlang,Regional,Northern Germany"
de-DE,REGIONAL_SLANG,Northern Germany,Diggedaggedingen,Thingamajig.,"RegionalSlang,Regional,Northern Germany"
de-DE,REGIONAL_SLANG,Northern Germany,Plietsch,"Clever, smart.","RegionalSlang,Regional,Northern Germany"
de-DE,REGIONAL_SLANG,Northern Germany,Schmuddelwedda,"Dirty weather, drizzly and grey.","RegionalSlang,Regional,Northern Germany"
de-DE,REGIONAL_SLANG,Northern Germany,Rumkommen,"To come over, visit.","RegionalSlang,Regional,Northern Germany"
de-DE,REGIONAL_SLANG,Northern Germany,Klütern,"To dawdle, to waste time.","RegionalSlang,Regional,Northern Germany"
de-DE,REGIONAL_SLANG,Northern Germany,Tach auch,Hello too (response to Tach).,"RegionalSlang,Regional,Northern Germany,Greeting"
de-DE,REGIONAL_SLANG,Northern Germany,Schmöken,To smoke (tobacco).,"RegionalSlang,Regional,Northern Germany"
de-DE,REGIONAL_SLANG,Northern Germany,Quiddje,"A newcomer to Hamburg, someone not originally from there (can be slightly derogatory).","RegionalSlang,Regional,Northern Germany,Hamburg"
de-DE,REGIONAL_SLANG,Rhineland,Muckefuck,Poor quality or instant coffee,"RegionalSlang,Regional,Rhineland"
de-DE,REGIONAL_SLANG,Rhineland,Fuckackig,Rotten (note: fickrig is also used for fidgety).,"RegionalSlang,Regional,Rhineland"
de-DE,REGIONAL_SLANG,Rhineland,Poppen,Sex (colloquial).,"RegionalSlang,Regional,Rhineland"
de-DE,REGIONAL_SLANG,Rhineland,Fuppes,Football (soccer).,"RegionalSlang,Regional,Rhineland"
de-DE,REGIONAL_SLANG,Rhineland,Großkotz,"Show-off, braggart.","RegionalSlang,Regional,Rhineland,Insult"
de-DE,REGIONAL_SLANG,Rhineland,Tütenüggel,Wimp.,"RegionalSlang,Regional,Rhineland,Insult"
de-DE,REGIONAL_SLANG,Rhineland,Nickelig,"Stubborn, fussy.","RegionalSlang,Regional,Rhineland"
de-DE,REGIONAL_SLANG,Rhineland,Alaaf,Carnival greeting in Cologne (vs. Helau in Düsseldorf/Mainz).,"RegionalSlang,Regional,Rhineland,Cologne,CulturalReference"
de-DE,REGIONAL_SLANG,Rhineland,Kamelle,Sweets thrown during Carnival parades.,"RegionalSlang,Regional,Rhineland,CulturalReference"
de-DE,REGIONAL_SLANG,Rhineland,Bützje,A little kiss (often a peck on thecheek during Carnival).,"RegionalSlang,Regional,Rhineland,CulturalReference"
de-DE,REGIONAL_SLANG,Rhineland,Kölsch,The beer from Cologne and the local dialect.,"RegionalSlang,Regional,Rhineland,Cologne"
de-DE,REGIONAL_SLANG,Rhineland,Altbier,The dark beer from Düsseldorf.,"RegionalSlang,Regional,Rhineland,Düsseldorf"
de-DE,REGIONAL_SLANG,Rhineland,Lecker Mädche,Pretty girl (Cologne).,"RegionalSlang,Regional,Rhineland,Cologne"
de-DE,REGIONAL_SLANG,Rhineland,Halve Hahn,Rye roll with cheese (Cologne specialty),"RegionalSlang,Regional,Rhineland,Cologne"
de-DE,REGIONAL_SLANG,Rhineland,Pittermännchen,A small 10-liter keg of Kölsch.,"RegionalSlang,Regional,Rhineland,Cologne"
de-DE,REGIONAL_SLANG,Rhineland,Tach,Hello (short for Guten Tag).,"RegionalSlang,Regional,Rhineland,Greeting"
de-DE,REGIONAL_SLANG,Rhineland,Wat gibbet?,What's up? / What's new? (Was gibt es?),"RegionalSlang,Regional,Rhineland"
de-DE,REGIONAL_SLANG,Rhineland,Strüssjer,Small bouquet of flowers (thrown during Carnival).,"RegionalSlang,Regional,Rhineland,CulturalReference"
de-DE,REGIONAL_SLANG,Rhineland,Fisternöll,"A secret love affair, a clandestine meeting (often humorous).","RegionalSlang,Regional,Rhineland"
de-DE,REGIONAL_SLANG,Rhineland,Döneken,"A little story, an anecdote.","RegionalSlang,Regional,Rhineland"
de-DE,REGIONAL_SLANG,Hesse,Babbeln,To chat or talk.,"RegionalSlang,Regional,Hesse"
de-DE,REGIONAL_SLANG,Hesse,Abbelwoi / Ebbelwoi,Apple wine (regional specialty).,"RegionalSlang,Regional,Hesse,CulturalReference"
de-DE,REGIONAL_SLANG,Hesse,Bembel,Specific type of pitcher for apple wine.,"RegionalSlang,Regional,Hesse,CulturalReference"
de-DE,REGIONAL_SLANG,Hesse,Geripptes,Special type of glass for apple wine (ribbed glass).,"RegionalSlang,Regional,Hesse,CulturalReference"
de-DE,REGIONAL_SLANG,Hesse,Ei Gude! / Ei Gude wie?,"Hello! / Hello, how are you?","RegionalSlang,Regional,Hesse,Greeting"
de-DE,REGIONAL_SLANG,Hesse,Dschö!,Goodbye (casual).,"RegionalSlang,Regional,Hesse,Farewell"
de-DE,REGIONAL_SLANG,Hesse,Kreppel / Kräppel,"Doughnut, Berliner.","RegionalSlang,Regional,Hesse"
de-DE,REGIONAL_SLANG,Hesse,Handkäs mit Musik,"A sour milk cheese specialty, often served with onions (""music"").","RegionalSlang,Regional,Hesse"
de-DE,REGIONAL_SLANG,Hesse,Gelle?,"Right? / Isn't it? (tag question, like oder?).","RegionalSlang,Regional,Hesse,FillerWord"
de-DE,REGIONAL_SLANG,Hesse,Schnuud,Mouth (can be rude),"RegionalSlang,Regional,Hesse"
de-DE,REGIONAL_SLANG,Hesse,Simmer,(Wir) sind (We are),"RegionalSlang,Regional,Hesse,Shortcut"
de-DE,REGIONAL_SLANG,Hesse,Labbeduddel,"Idiot, clumsy person.","RegionalSlang,Regional,Hesse,Insult"
de-DE,REGIONAL_SLANG,Hesse,Deetz,Head.,"RegionalSlang,Regional,Hesse"
de-DE,REGIONAL_SLANG,Hesse,Schlappmaul,Someone who talks too much or can't keep a secret.,"RegionalSlang,Regional,Hesse"
de-DE,REGIONAL_SLANG,Hesse,Dribbdebach & Hibbdebach,Over there & over here (referring to sides of the Main river in Frankfurt).,"RegionalSlang,Regional,Hesse,Frankfurt"
de-DE,REGIONAL_SLANG,Saxony,Nu!,"Well! / Yes! / Okay! (versatile interjection, very typical).","RegionalSlang,Regional,Saxony,Interjection"
de-DE,REGIONAL_SLANG,Saxony,Bemme,"Slice of bread, sandwich.","RegionalSlang,Regional,Saxony"
de-DE,REGIONAL_SLANG,Saxony,Gägs / Gecks,"Fun, joke.","RegionalSlang,Regional,Saxony"
de-DE,REGIONAL_SLANG,Saxony,Diddschn,"To touch lightly, to nudge.","RegionalSlang,Regional,Saxony"
de-DE,REGIONAL_SLANG,Saxony,Verduschn,"To disappear, to leave quietly.","RegionalSlang,Regional,Saxony"
de-DE,REGIONAL_SLANG,Saxony,Hornzsche,Croissant.,"RegionalSlang,Regional,Saxony"
de-DE,REGIONAL_SLANG,Saxony,Nischl,Head.,"RegionalSlang,Regional,Saxony"
de-DE,REGIONAL_SLANG,Saxony,Mäggern,To complain (like meckern).,"RegionalSlang,Regional,Saxony"
de-DE,INTERNET_SLANG,,cringe,Cringe (borrowed from English),"InternetSlang,Internet,Abbreviation"
de-DE,INTERNET_SLANG,,random,Random (borrowed from English),"InternetSlang,Internet,Abbreviation"
de-DE,INTERNET_SLANG,,safe,"Safe, for sure (borrowed from English)","InternetSlang,Internet,Abbreviation"
de-DE,INTERNET_SLANG,,lit,"Lit, awesome (borrowed from English)","InternetSlang,Internet,Abbreviation"
de-DE,INTERNET_SLANG,,goofy,Goofy (borrowed from English),"InternetSlang,Internet,Abbreviation"
de-DE,INTERNET_SLANG,,no cap,No cap (borrowed from English),"InternetSlang,Internet,Abbreviation"
de-DE,INTERNET_SLANG,,sick,"Sick, cool (borrowed from English)","InternetSlang,Internet,Abbreviation"
de-DE,INTERNET_SLANG,,vibe,Vibe (borrowed from English),"InternetSlang,Internet,Abbreviation"
de-DE,INTERNET_SLANG,,wack,Wack (borrowed from English),"InternetSlang,Internet,Abbreviation"
de-DE,INTERNET_SLANG,,yolo,YOLO (You Only Live Once),"InternetSlang,Internet,Abbreviation"
de-DE,INTERNET_SLANG,,sus,"suspicious (cultural reference from ""Among Us"")","InternetSlang,Internet,Abbreviation"
de-DE,INTERNET_SLANG,,chillen,To chill (adapted from English),"InternetSlang,Internet,Abbreviation"
de-DE,INTERNET_SLANG,,LOL (Laughing Out Loud),(borrowed from English),"InternetSlang,Internet,Abbreviation"
de-DE,INTERNET_SLANG,,OMG (Oh Mein Gott / Oh My God),(borrowed from English),"InternetSlang,Internet,Abbreviation"
de-DE,INTERNET_SLANG,,diss,To diss (borrowed from English),"InternetSlang,Internet,Abbreviation"
de-DE,INTERNET_SLANG,,lost,"Lost, clueless (borrowed from English)","InternetSlang,Internet,Abbreviation"
de-DE,INTERNET_SLANG,,wild / wyld,"Wild, crazy (borrowed from English)","InternetSlang,Internet,Abbreviation"
de-DE,INTERNET_SLANG,,kp / kP,kein Plan (no idea),"InternetSlang,Internet,Abbreviation"
de-DE,INTERNET_SLANG,,kA,keine Ahnung (no idea),"InternetSlang,Internet,Abbreviation"
de-DE,INTERNET_SLANG,,hdl / HDL,"Hab dich lieb (Love you - informal, for friends/family)","InternetSlang,Internet,Abbreviation"
de-DE,INTERNET_SLANG,,hdgdl / HDGDL,Hab dich ganz doll lieb (Love you lots - informal),"InternetSlang,Internet,Abbreviation"
de-DE,INTERNET_SLANG,,ild / ILD,Ich liebe dich (I love you - romantic),"InternetSlang,Internet,Abbreviation"
de-DE,INTERNET_SLANG,,vlt / vllt,vielleicht (maybe),"InternetSlang,Internet,Abbreviation"
de-DE,INTERNET_SLANG,,N8,Nacht (night),"InternetSlang,Internet,Abbreviation"
de-DE,INTERNET_SLANG,,WE,Wochenende (weekend),"InternetSlang,Internet,Abbreviation"
de-DE,INTERNET_SLANG,,cu / CU,See you (borrowed from English),"InternetSlang,Internet,Abbreviation"
de-DE,INTERNET_SLANG,,gg,Good game (used in online gaming),"InternetSlang,Internet,Abbreviation,Gaming"
de-DE,INTERNET_SLANG,,np,No problem (borrowed from English),"InternetSlang,Internet,Abbreviation"
de-DE,INTERNET_SLANG,,btw,By the way (borrowed from English),"InternetSlang,Internet,Abbreviation"
de-DE,INTERNET_SLANG,,thx,Thanks (borrowed from English),"InternetSlang,Internet,Abbreviation"
de-DE,INTERNET_SLANG,,wd,Wieder da (back again / I'm back),"InternetSlang,Internet,Abbreviation"
de-DE,INTERNET_SLANG,,asap,As soon as possible (borrowed from English),"InternetSlang,Internet,Abbreviation"
de-DE,INTERNET_SLANG,,wg,Wohngemeinschaft (shared flat/apartment),"InternetSlang,Internet,Abbreviation"
de-DE,INTERNET_SLANG,,idk,I don't know (borrowed from English),"InternetSlang,Internet,Abbreviation"
de-DE,INTERNET_SLANG,,jk,Just kidding (borrowed from English),"InternetSlang,Internet,Abbreviation"
de-DE,INTERNET_SLANG,,mMn,meiner Meinung nach (in my opinion),"InternetSlang,Internet,Abbreviation"
de-DE,INTERNET_SLANG,,IRL,In Real Life (borrowed from English),"InternetSlang,Internet,Abbreviation"
de-DE,INTERNET_SLANG,,G&K,Gruß und Kuss (Greeting and kiss - often at the end of messages),"InternetSlang,Internet,Abbreviation"
de-DE,INTERNET_SLANG,,LG,Liebe Grüße (Kind regards / Best wishes - common sign-off),"InternetSlang,Internet,Abbreviation"
de-DE,INTERNET_SLANG,,LTAB,Lieber tot als blöd (Better dead than stupid),"InternetSlang,Internet,Abbreviation"
de-DE,INTERNET_SLANG,,Y / why,Warum (why - borrowed from English),"InternetSlang,Internet,Abbreviation"
de-DE,INTERNET_SLANG,,ZL;NG (or TL;DR),Zu lang; nicht gelesen (Too long; didn't read),"InternetSlang,Internet,Abbreviation"
de-DE,INTERNET_SLANG,,HDF,Halt die Fresse (Shut the f*ck up - very rude),"InternetSlang,Internet,Abbreviation"
de-DE,INTERNET_SLANG,,IDA,Ich Dich Auch (Me too / I you too - response to HDL or ILD),"InternetSlang,Internet,Abbreviation"
de-DE,INTERNET_SLANG,,Nix,Nichts (nothing),"InternetSlang,Internet,Abbreviation"
de-DE,INTERNET_SLANG,,Evtl.,"Eventuell (possibly, eventually)","InternetSlang,Internet,Abbreviation"
de-DE,INTERNET_SLANG,,Glotzen,"To binge-watch (TV shows, series)","InternetSlang,Internet"
de-DE,INTERNET_SLANG,,Selfie machen,To take a selfie,"InternetSlang,Internet"
de-DE,INTERNET_SLANG,,Posten,To post (online),"InternetSlang,Internet"
de-DE,INTERNET_SLANG,,Liken,To like (a post),"InternetSlang,Internet"
de-DE,INTERNET_SLANG,,Stalken,To stalk (online),"InternetSlang,Internet"
de-DE,INTERNET_SLANG,,Simsen,"To text (from SMS, becoming a bit dated but still understood)","InternetSlang,Internet"
de-DE,INTERNET_SLANG,,IBKA,Ich bin kein Anwalt (I am not a lawyer - disclaimer),"InternetSlang,Internet,Abbreviation"
de-DE,INTERNET_SLANG,,MIFW,"Mein Gesicht wenn... (My face when... - used with reaction images/GIFs, from ""MFW"")","InternetSlang,Internet,Abbreviation"
de-DE,INTERNET_SLANG,,HGW,Herzlichen Glückwunsch (Congratulations),"InternetSlang,Internet,Abbreviation"
de-DE,JARGON,Berlin,Schrippenarchitekt,Baker (humorous),"Jargon,Berlin"
de-DE,JARGON,,Saftschubse,Flight attendant (often considered derogatory/outdated),Jargon
de-DE,JARGON,,Schneeschippfacharbeiter,"Person clearing snow (humorous, overly formal title for a simple job)",Jargon
de-DE,JARGON,,Beamtendeutsch,"Bureaucratese, officialese (the often convoluted and formal language used by civil servants).","Jargon,Bureaucracy"
de-DE,JARGON,Studentensprache,Pauken,To cram (for an exam).,"Jargon,Student"
de-DE,JARGON,Studentensprache,Bulimielernen,Binge studying right before an exam and forgetting it all afterwards,"Jargon,Student"
de-DE,JARGON,Studentensprache,Schein,Certificate of completion for a university course.,"Jargon,Student"
de-DE,JARGON,Studentensprache,Kommilitone / Kommilitonin,Fellow student.,"Jargon,Student"
de-DE,JARGON,Studentensprache,Mensa,University cafeteria.,"Jargon,Student"
de-DE,JARGON,Studentensprache,c.t. (cum tempore),With time (lectures starting 15 minutes after the stated time).,"Jargon,Student"
de-DE,JARGON,Studentensprache,s.t. (sine tempore),Without time (lectures starting exactly on time).,"Jargon,Student"
de-DE,JARGON,Studentensprache,N.C. (Numerus Clausus),Restricted admission to a university program based on grades.,"Jargon,Student"
de-DE,JARGON,Soldatensprache,Spieß,Company sergeant major,"Jargon,Military"
de-DE,JARGON,Soldatensprache,Stubenhocker,Someone who stays in their room (barracks) a lot.,"Jargon,Military"
de-DE,JARGON,Soldatensprache,KZH (Krank zu Hause),Sick at home (official military abbreviation).,"Jargon,Military"
de-DE,IDIOM,Berlin,Ick liebe dir,I love you (using the dative 'dir' for accusative 'dich' - Berlin dialect),"Idiom,Berlin"
de-DE,IDIOM,Berlin,Ick brauche...,I need... (Berlin pronunciation),"Idiom,Berlin"
de-DE,IDIOM,Berlin,Dit is...,This is... (Berlin pronunciation),"Idiom,Berlin"
de-DE,IDIOM,Berlin,Dit find ick knorke,"I think this is great (Old Berlin phrase, knorke = great/super)","Idiom,Berlin"
de-DE,IDIOM,Berlin,Wat is en dit?,What is this? (Berlin phrase),"Idiom,Berlin"
de-DE,IDIOM,Berlin,Mach nix,Doesn't matter (General/Berlin),"Idiom,Berlin,General"
de-DE,IDIOM,Berlin,Dit is mir och Pomade,That's also fine by me / I'm indifferent (Pomade means indifferent/okay - Berlin),"Idiom,Berlin"
de-DE,IDIOM,Berlin,Pass ma uff,Pay attention / Watch out (Berlin),"Idiom,Berlin"
de-DE,IDIOM,Berlin,Ick jehe raus,I am going out (Berlin pronunciation),"Idiom,Berlin"
de-DE,IDIOM,Berlin,Currywurst mit Schrippe,Currywurst with a bread roll (Berlin specific food order),"Idiom,Berlin"
de-DE,IDIOM,Berlin,Ran an de Buletten!,Let's get started! / Time to eat!,"Idiom,Berlin"
de-DE,IDIOM,Berlin,Ich muss zum Späti,I need to go to the Späti (late-night shop - Berlin specific),"Idiom,Berlin"
de-DE,IDIOM,Berlin,Hast du dein Wegbier?,Do you have your beer for the way? (Berlin specific concept),"Idiom,Berlin,UniqueConcept"
de-DE,IDIOM,Berlin,"ne Molle, bidde","A beer, please (Berlin specific, Molle = beer)","Idiom,Berlin"
de-DE,IDIOM,Berlin,Molle mit Korn,Beer with a shot of Korn schnapps (Berlin specific),"Idiom,Berlin"
de-DE,IDIOM,Berlin,Een inne Bommel haben,To be drunk,"Idiom,Berlin"
de-DE,IDIOM,Berlin,Spandau is jottwede!,Spandau is very far away! (Spandau is a district of Berlin - Berlin specific),"Idiom,Berlin"
de-DE,IDIOM,Berlin,Sei doch nicht so etepete!,Don't be so fussy/prim! (Berlin specific),"Idiom,Berlin"
de-DE,IDIOM,Berlin,Dit is pillepalle!,This is trivial stuff! / Easy peasy! (Berlin specific),"Idiom,Berlin"
de-DE,IDIOM,Berlin,Wir ham bis in de Puppen jesessen,"We sat until the wee hours. (Berlin specific, in die Puppen = very late)","Idiom,Berlin"
de-DE,IDIOM,Berlin,Hör uff dir so abzupuckeln!,Stop toiling/drudging like that! (Berlin specific),"Idiom,Berlin"
de-DE,IDIOM,Berlin,Mach keen Rabatz!,Don't make a racket/commotion! (Berlin specific),"Idiom,Berlin"
de-DE,IDIOM,Berlin,Haste ma'n Ratzefummel?,"Do you have an eraser? (Berlin specific, humorous for Radiergummi)","Idiom,Berlin"
de-DE,IDIOM,Berlin,Morjen wieda schindaan jehn,To go graft/work hard again tomorrow. (Berlin specific),"Idiom,Berlin"
de-DE,IDIOM,Berlin,Hör uff zu schmulen!,Stop peeking/cheating! (Berlin specific),"Idiom,Berlin"
de-DE,IDIOM,Berlin,"Mahn, is die Bude vakoddert!","Man, the place is run-down/grimy! (Berlin specific)","Idiom,Berlin"
de-DE,IDIOM,Berlin,Ick hatte jestern Waschtach,I skipped work/school yesterday,"Idiom,Berlin"
de-DE,IDIOM,Berlin,Der hat 'n Fimmel für alte Briefmarken,He has an obsession/quirk for old stamps. (Berlin specific),"Idiom,Berlin"
de-DE,IDIOM,Berlin,Dit is mir schnurz (piepe / piepegal),"I don't care at all, It's all the same to me. (Berlin specific)","Idiom,Berlin"
de-DE,IDIOM,Berlin,"Keene Haare uff'm Kopp, aba 'n Kamm inner Tasche!","No hair on the head, but a comb in the pocket! (Calling out pretentiousness or absurdity - Berlin specific)","Idiom,Berlin"
de-DE,IDIOM,Berlin,Dit zieht wie Hechtsuppe!,"There's a strong, unpleasant draft/draught.","Idiom,Berlin"
de-DE,IDIOM,Berlin,Bist wohl in de S-Bahn jebor'n!?,Were you presumably born on the S-Bahn!? (Said to someone who leaves a door open - Berlin specific),"Idiom,Berlin"
de-DE,IDIOM,Berlin,Janz Berlin is eene Wolke!,"Everything is wonderful/perfect! / Life is great! (Expressing extreme happiness, euphoria, or contentment - Berlin specific)","Idiom,Berlin"
de-DE,IDIOM,Berlin,Mir is janz blümerant,"I feel unwell / queasy / faint / a bit off. (Berlin specific, from French 'bleu mourant' - dying blue, meaning pale).","Idiom,Berlin"
de-DE,IDIOM,Berlin,Da kamma nich meckan,Can't complain there. (That's good / Well done / Acceptable - considered high praise from a Berliner - Berlin specific),"Idiom,Berlin"
de-DE,IDIOM,Berlin,Mach ma keene Fisimatenten!,"Stop making a fuss / Stop messing around / No nonsense! / Don't make things complicated! (Berlin specific, origin possibly linked to French soldiers ""visitez ma tente"")","Idiom,Berlin"
de-DE,IDIOM,Berlin,Ick lach mir'n Ast..,I'm laughing my head off / That's hilarious. (Berlin specific),"Idiom,Berlin"
de-DE,IDIOM,Berlin,Dit schmeckt ja wie einjeschlaf'ne Füße,That tastes bland / stale / awful / unappetizing,"Idiom,Berlin"
de-DE,IDIOM,Berlin,Haste 'ne Scheibe oder wat!?,Are you crazy!? / Are you stupid!? / What's wrong with you!?,"Idiom,Berlin,Insult"
de-DE,IDIOM,Berlin,Mach'n Abjang!,"Get lost! / Beat it! / Leave now! (Curt dismissal, telling someone to go away - Berlin specific)","Idiom,Berlin"
de-DE,IDIOM,Berlin,Nu is jleich zappendusta!,That's the end of it! / It's over! / Lights out! / Last call! (Signaling an abrupt end or imminent consequences - Berlin specific),"Idiom,Berlin"
de-DE,IDIOM,Berlin,Allet in Budda! / Allet paletti,Everything's okay / All good / Everything's fine. (Berlin specific),"Idiom,Berlin"
de-DE,IDIOM,Berlin,Uff jeden Topp passt ooch'n Deckel!,There's someone out there for everyone / Every Jack has his Jill,"Idiom,Berlin"
de-DE,IDIOM,Berlin,"Nachtigall, ick hör dir trapsen",I sense something is amiss / I smell a rat / I have a bad feeling about this,"Idiom,Berlin,General"
de-DE,IDIOM,Bavaria,"Schau ma moi, dann seng ma scho","We'll have a look, then we'll see (Bavarian - embodying a laid-back and unhurried attitude)","Idiom,Bavaria"
de-DE,IDIOM,Bavaria,Ois ned so schlimm wia's ausschaugd,It's not as bad as it looks. (Bavarian - optimistic outlook),"Idiom,Bavaria"
de-DE,IDIOM,Bavaria,A bisserl was geht oiwei,A little something always works. (Bavarian - suggests something is always possible),"Idiom,Bavaria"
de-DE,IDIOM,Swabia,Net g'motzt isch Lob gnua,No complaining is praise enough. (Swabian - reserved approach to praise),"Idiom,Swabia"
de-DE,IDIOM,Swabia,"Schaffe, schaffe Häusle baue","Work, work, build a little house. (Swabian - encapsulates emphasis on hard work and thrift)","Idiom,Swabia"
de-DE,IDIOM,Northern Germany,Komm mal in die Pötte,"Come on, get going! / Hurry up! (Northern Germany)","Idiom,Northern Germany"
de-DE,IDIOM,Northern Germany,"Wat mutt, dat mutt","What must be done, that must be done. (Northern Germany - pragmatic outlook)","Idiom,Northern Germany"
de-DE,IDIOM,Northern Germany,"Nich lang' schnacken, Kopp in' Nacken","No long talking, head in the neck. (Northern Germany - drinking toast, encouraging to drink up)","Idiom,Northern Germany"
de-DE,IDIOM,Rhineland,Isch han disch jän,"I love you / I like you (Cologne dialect, Rhineland)","Idiom,Rhineland,Cologne"
de-DE,IDIOM,Rhineland,Et es wie et es,"It is how it is (Cologne saying, Rhineland - indicating acceptance)","Idiom,Rhineland,Cologne"
de-DE,IDIOM,Rhineland,Et hätt noch immer jot jejange,"It's always gone well so far / It'll be alright (Cologne saying, Rhineland - often with a hint of optimistic fatalism)","Idiom,Rhineland,Cologne"
de-DE,IDIOM,Hesse,Guude wie?,"Hello, how are you? (Hesse)","Idiom,Hesse,Greeting"
de-DE,IDIOM,Hesse,Mach mer net so e Gedöns,Don't make such a fuss / Don't make a mountain out of a molehill (Hesse),"Idiom,Hesse"
de-DE,IDIOM,Hesse,Was e Spülbrie,What a flat/tasteless drink (Hesse),"Idiom,Hesse"
de-DE,IDIOM,,Ich verstehe nur Bahnhof,It's all Greek to me / I don't understand anything,Idiom
de-DE,IDIOM,,Die Daumen drücken,To keep one's fingers crossed (for good luck),Idiom
de-DE,IDIOM,,Tomaten auf den Augen haben,To be oblivious to what's happening / Not to see the obvious,Idiom
de-DE,IDIOM,,Seinen Senf dazugeben,To give one's (often unsolicited) opinion / To put one's two cents in,Idiom
de-DE,IDIOM,,Um den heißen Brei herumreden,To beat around the bush,Idiom
de-DE,IDIOM,,Zwei Fliegen mit einer Klappe schlagen,To kill two birds with one stone,Idiom
de-DE,IDIOM,,Schwein haben,To be lucky / To have a stroke of luck,Idiom
de-DE,IDIOM,,Klar wie Kloßbrühe,Crystal clear,Idiom
de-DE,IDIOM,,Da steppt der Bär,It's a lively party / Things are really happening there,Idiom
de-DE,IDIOM,,Den Vogel abschießen,"To take the cake / To outdo oneself (often negatively, meaning to do something particularly outrageous or silly)",Idiom
de-DE,IDIOM,,Die Kirche im Dorf lassen,To not get carried away / To keep things in perspective,Idiom
de-DE,IDIOM,,Durch die Blume sagen,To say something indirectly or subtly,Idiom
de-DE,IDIOM,,Eselsbrücken bauen,To create a mnemonic device,Idiom
de-DE,IDIOM,,Fix und fertig sein,To be completely exhausted / Wiped out,Idiom
de-DE,IDIOM,,Hals- und Beinbruch,"Break a leg! (Wishing good luck, especially for performances)",Idiom
de-DE,IDIOM,,Jemandem Honig um den Mund schmieren,To flatter someone excessively / To butter someone up,Idiom
de-DE,IDIOM,,Leben ist kein Ponyhof,Life isn't always easy / Life is no picnic,Idiom
de-DE,IDIOM,,Ich glaub ich spinne,I think I'm going crazy / I can't believe it,Idiom
de-DE,IDIOM,,Jetzt haben wir den Salat,Now we're in a mess / Now we've got a problem,Idiom
de-DE,IDIOM,,Das Blaue vom Himmel versprechen,To promise the moon / To make unrealistic promises,Idiom
de-DE,IDIOM,,Sich die Rosinen herauspicken,To cherry-pick / To choose only the best parts,Idiom
de-DE,IDIOM,,Haare auf den Zähnen haben,"To be very assertive, tough, or sharp-tongued",Idiom
de-DE,IDIOM,,Wo sich Fuchs und Hase gute Nacht sagen,In the middle of nowhere / In a very remote place,Idiom
de-DE,IDIOM,,Das ist ein Katzensprung,It's a stone's throw away / Very near,Idiom
de-DE,IDIOM,,Schlafen wie ein Murmeltier,To sleep like a log,Idiom
de-DE,IDIOM,,Da kannst du Gift drauf nehmen,You can bet your life on that / It's absolutely certain,Idiom
de-DE,IDIOM,,Sich zum Affen machen,To make a fool of oneself,Idiom
de-DE,IDIOM,,Eine Extrawurst haben wollen,To want special treatment,Idiom
de-DE,IDIOM,,Der Fisch stinkt vom Kopf her,Problems in an organization start at the top / A fish rots from the head down.,Idiom
de-DE,IDIOM,,Das ist mir Wurst,I don't care / It's all the same to me,Idiom
de-DE,IDIOM,Northern Germany,Butter bei die Fische,Get to the point! / Let's have the facts! (Northern German),"Idiom,Northern Germany"
de-DE,IDIOM,,Auf keinen grünen Zweig kommen,To not be successful / To not get anywhere,Idiom
de-DE,IDIOM,,Jemandem auf die Sprünge helfen,To jog someone's memory / To give someone a hint,Idiom
de-DE,IDIOM,,Jemanden an der Nase herumführen,To lead someone on / To pull the wool over someone's eyes,Idiom
de-DE,IDIOM,,Bei dir piept's wohl!,You must be crazy! / You've got a screw loose!,Idiom
de-DE,IDIOM,,Abwarten und Tee trinken,To wait and see / To bide one's time,Idiom
de-DE,IDIOM,,Alle Brücken hinter sich abbrechen,To burn one's bridges,Idiom
de-DE,IDIOM,,An einem seidenen Faden hängen,To hang by a thread,Idiom
de-DE,IDIOM,,Auf Wolke sieben schweben,To be on cloud nine / To be blissfully happy,Idiom
de-DE,IDIOM,,"Klappe zu, Affe tot","That's the end of it / Case closed (humorous, abrupt)",Idiom
de-DE,IDIOM,,Das Kind mit dem Bade ausschütten,To throw the baby out with the bathwater (To discard something valuable along with something unwanted).,Idiom
de-DE,IDIOM,,Eulen nach Athen tragen,To carry coals to Newcastle / To do something superfluous,Idiom
de-DE,IDIOM,,Ins Fettnäpfchen treten,To put one's foot in it / To make a faux pas,Idiom
de-DE,IDIOM,,Jemandem einen Bären aufbinden,To tell someone a tall tale / To pull someone's leg,Idiom
de-DE,IDIOM,,Krokodilstränen weinen,To cry crocodile tears (To feign sadness).,Idiom
de-DE,IDIOM,,"Man muss die Feste feiern, wie sie fallen",One must celebrate the feasts as they come / Make hay while the sun shines.,Idiom
de-DE,IDIOM,,Nicht alle Tassen im Schrank haben,To have a screw loose / To be crazy,Idiom
de-DE,IDIOM,,Sauer wie eine Zitrone sein,To be very sour/grumpy,Idiom
de-DE,IDIOM,,Den Nagel auf den Kopf treffen,To hit the nail on the head (To be exactly right).,Idiom
de-DE,IDIOM,,Ein Brett vor dem Kopf haben,To be slow on the uptake / To be oblivious,Idiom
de-DE,IDIOM,,Ein Tropfen auf den heißen Stein,"A drop in the ocean / Too little, too late",Idiom
de-DE,IDIOM,,Etwas auf die lange Bank schieben,To put something on the back burner / To procrastinate,Idiom
de-DE,IDIOM,,Das A und O sein,To be the be-all and end-all / The most important thing (from Alpha and Omega).,Idiom
de-DE,IDIOM,,Mit Ach und Krach,With great difficulty / By the skin of one's teeth,Idiom
de-DE,IDIOM,,Äpfel mit Birnen vergleichen,To compare apples and oranges,Idiom
de-DE,IDIOM,,Kein Blatt vor den Mund nehmen,To not mince words / To speak frankly,Idiom
de-DE,IDIOM,,Die Katze im Sack kaufen,To buy a pig in a poke,Idiom
de-DE,IDIOM,,Jemandem Sand in die Augen streuen,To pull the wool over someone's eyes / To deceive someone,Idiom
de-DE,IDIOM,,Den Teufel an die Wand malen,To be overly pessimistic / To conjure up worst-case scenarios,Idiom
de-DE,IDIOM,,Unter einer Decke stecken,To be in cahoots / To be in it together secretly,Idiom
de-DE,IDIOM,,Aus dem Nähkästchen plaudern,To spill the beans / To reveal secrets or private information,Idiom
de-DE,IDIOM,,Jemandem auf den Wecker gehen,To get on someone's nerves,Idiom
de-DE,IDIOM,,Das fünfte Rad am Wagen sein,To be a third wheel / To be superfluous,Idiom
de-DE,IDIOM,,Seinen inneren Schweinehund überwinden,To overcome one's weaker self / To conquer one's laziness,Idiom
de-DE,IDIOM,,Das geht mir am Arsch vorbei,I don't give a damn about that (vulgar),Idiom
de-DE,IDIOM,,Am Ball bleiben,To stay on the ball / To keep at it.,Idiom
de-DE,IDIOM,,Auf dem Schlauch stehen,To be slow on the uptake / To not get something,Idiom
de-DE,IDIOM,,Den Faden verlieren,To lose one's train of thought,Idiom
de-DE,PROVERB,,"Alles hat ein Ende, nur die Wurst hat zwei","Everything has an end, only the sausage has two. (Humorous take on ""all good things must come to an end"").",Proverb
de-DE,PROVERB,,Übung macht den Meister,Practice makes perfect.,Proverb
de-DE,PROVERB,,"Reden ist Silber, Schweigen ist Gold","Speech is silver, silence is golden.",Proverb
de-DE,PROVERB,,"Wer zuerst kommt, mahlt zuerst","First come, first served.",Proverb
de-DE,PROVERB,,Der Schuster hat die schlechtesten Schuhe,The cobbler has the worst shoes. (Meaning people often neglect their own needs in their area of expertise).,Proverb
de-DE,PROVERB,,"Wer A sagt, muss auch B sagen",He who says A must also say B. (Emphasizes consistency and following through).,Proverb
de-DE,PROVERB,,Man soll den Tag nicht vor dem Abend loben,One shouldn't praise the day before the evening. (Caution against premature celebration; Don't count your chickens before they hatch).,Proverb
de-DE,PROVERB,Bavaria,Mit dem hohlen Zahn pfeifen,To whistle with a hollow tooth. (Bavarian idiom/saying - To be broke).,"Proverb,Bavaria,Idiom"
de-DE,PROVERB,Bavaria,Auf da Brennsuppn dahergeschwumma sein,To have swum along in the burnt soup. (Bavarian idiom/saying - To be naive).,"Proverb,Bavaria,Idiom"
de-DE,PROVERB,,Aller guten Dinge sind drei,All good things come in threes.,Proverb
de-DE,PROVERB,,Aus Schaden wird man klug,One becomes wise through adversity / Adversity is the mother of wisdom.,Proverb
de-DE,PROVERB,,"Das Eisen schmieden, solange es heiß ist",Strike while the iron is hot.,Proverb
de-DE,PROVERB,,Das Glück hilft den Kühnen,Fortune favors the bold.,Proverb
de-DE,PROVERB,,Blut ist dicker als Wasser,Blood is thicker than water.,Proverb
de-DE,PROVERB,,Der frühe Vogel fängt den Wurm,The early bird catches the worm.,Proverb
de-DE,PROVERB,,Morgenstund hat Gold im Mund,"The morning hour has gold in its mouth. (Similar to the early bird proverb, emphasizing the value of an early start).",Proverb
de-DE,PROVERB,,"Kommt Zeit, kommt Rat",Time will tell / With time comes advice. (Suggests patience and that solutions will emerge).,Proverb
de-DE,PROVERB,,Es ist noch kein Meister vom Himmel gefallen,No master has fallen from the sky. (Practice and effort are needed to become skilled).,Proverb
de-DE,PROVERB,,Lügen haben kurze Beine,Lies have short legs. (Meaning lies don't get you far or will be found out quickly).,Proverb
de-DE,PROVERB,,Stille Wasser sind tief,Still waters run deep.,Proverb
de-DE,PROVERB,,Viele Köche verderben den Brei,Too many cooks spoil the broth.,Proverb
de-DE,PROVERB,,"Wer den Pfennig nicht ehrt, ist des Talers nicht wert","He who does not honor the penny is not worthy of the thaler (dollar). (Take care of the small things, and the big things will take care of themselves).",Proverb
de-DE,PROVERB,,"Wie man in den Wald hineinruft, so schallt es heraus","As one calls into the forest, so it echoes back. (What goes around, comes around / You reap what you sow).",Proverb
de-DE,PROVERB,,"Wo ein Wille ist, ist auch ein Weg","Where there's a will, there's a way.",Proverb
de-DE,PROVERB,,Der Apfel fällt nicht weit vom Stamm,The apple doesn't fall far from the tree. (Children often resemble their parents).,Proverb
de-DE,PROVERB,,Einem geschenkten Gaul schaut man nicht ins Maul,Don't look a gift horse in the mouth.,Proverb
de-DE,PROVERB,,Hochmut kommt vor dem Fall,Pride comes before a fall.,Proverb
de-DE,PROVERB,,Auch ein blindes Huhn findet mal ein Korn,Even a blind chicken sometimes finds a grain of corn. (Everyone gets lucky sometimes).,Proverb
de-DE,PROVERB,,Besser den Spatz in der Hand als die Taube auf dem Dach,A bird in the hand is worth two in the bush.,Proverb
de-DE,PROVERB,,"Der Krug geht so lange zum Brunnen, bis er bricht",The pitcher goes to the well so often that it breaks at last. (You can only get away with something for so long).,Proverb
de-DE,PROVERB,,"Ende gut, alles gut",All's well that ends well.,Proverb
de-DE,PROVERB,,Gebranntes Kind scheut das Feuer,"Once bitten, twice shy.",Proverb
de-DE,PROVERB,,"Geteilte Freude ist doppelte Freude, geteilter Schmerz ist halber Schmerz","Shared joy is double joy, shared sorrow is half sorrow.",Proverb
de-DE,PROVERB,,In der Not frisst der Teufel Fliegen,Beggars can't be choosers.,Proverb
de-DE,PROVERB,,"Man muss das Heu machen, solange die Sonne scheint",Make hay while the sun shines.,Proverb
de-DE,PROVERB,,Ohne Fleiß kein Preis,"No pain, no gain.",Proverb
de-DE,PROVERB,,Rom ist auch nicht an einem Tag erbaut worden,Rome wasn't built in a day.,Proverb
de-DE,PROVERB,,"Was du heute kannst besorgen, das verschiebe nicht auf morgen",Don't put off until tomorrow what you can do today.,Proverb
de-DE,PROVERB,,"Wer rastet, der rostet","He who rests, rusts. (Use it or lose it).",Proverb
de-DE,PROVERB,,"Was Hänschen nicht lernt, lernt Hans nimmermehr",You can't teach an old dog new tricks.,Proverb
de-DE,INSULT,,Göre,(Freches) Mädchen ((cheeky/sassy) girl - can be used dismissively or affectionately).,"Insult,Banter"
de-DE,INSULT,,Fatzke / Pinkel / Blaffke,"Eitler Mann / Angeber (vain man, show-off, dandy, pretentious person - used as an insult).","Insult,Banter"
de-DE,INSULT,,Schnute,"Mund/ Schnauze (mouth, snout - can be rude).","Insult,Banter"
de-DE,INSULT,,Nieselpriem,"Langweiler / Miesepeter (Bore, grump, wet blanket - used as an insult).","Insult,Banter"
de-DE,INSULT,Berlin,Du kannst mir ma anne Pupe schmatzen!,Get lost! / Go to hell! / Kiss my ass! (Rude and dismissive - Berlin).,"Insult,Banter,Berlin"
de-DE,INSULT,Berlin,"Wat kiekstn so, Fatzke?","What are you looking at, dandy/poser? (Confrontational, implies the starer is pretentious - Berlin).","Insult,Banter,Berlin"
de-DE,INSULT,Berlin,Haste 'ne Scheibe oder wat!?,Are you crazy!? / Are you stupid!? / What's wrong with you!? (Used as an insult questioning intelligence - Berlin).,"Insult,Banter,Berlin"
de-DE,INSULT,,Assi,Trashy/Chavvy (derived from asozial - asocial; can be derogatory).,"Insult,Banter"
de-DE,INSULT,,Bescheuert / Bekloppt,Dumb/Stupid/Crazy.,"Insult,Banter"
de-DE,INSULT,,Vollidiot / Vollpfosten,Complete idiot / Utter post (fool).,"Insult,Banter"
de-DE,INSULT,,Warmduscher,Wimp,"Insult,Banter"
de-DE,INSULT,,Schattenparker,Wimp,"Insult,Banter"
de-DE,INSULT,,Jeansbügler,Someone overly meticulous or fussy about pointless tasks,"Insult,Banter"
de-DE,INSULT,,Erbsenzähler,"Nitpicker, someone obsessed with tiny details","Insult,Banter"
de-DE,INSULT,,Spargeltarzan,"Asparagus Tarzan (a thin, gangly person who thinks they're tough).","Insult,Banter"
de-DE,INSULT,,Heißluftgebläse,"Hot air gun (someone who talks a lot of nonsense, full of hot air).","Insult,Banter"
de-DE,INSULT,,Lackaffe,"Varnished ape (a dandy, someone overly dressed up or pretentious).","Insult,Banter"
de-DE,INSULT,,Dünnbrettbohrer,"Thin plank driller (someone who takes the easy way out, lacks depth or intelligence).","Insult,Banter"
de-DE,INSULT,,Stinkstiefel,Grumpy person,"Insult,Banter"
de-DE,INSULT,,Graue Maus,"Wallflower, plain or inconspicuous person","Insult,Banter"
de-DE,INSULT,,Rotzlöffel,"Snot spoon (cheeky or impertinent child, brat).","Insult,Banter"
de-DE,INSULT,,Miesepeter,"Grump, killjoy","Insult,Banter"
de-DE,INSULT,,Teletubbyzurückwinker,"Someone who waves back at Teletubbies (gullible, naive person).","Insult,Banter"
de-DE,INSULT,,Hustensaftschmuggler,Cough syrup smuggler (an incompetent person who does pointless things).,"Insult,Banter"
de-DE,INSULT,,Schlaftablette,Sleeping tablet (a boring or slow person).,"Insult,Banter"
de-DE,INSULT,,Frechdachs,"Cheeky badger (a rascal, often for a cheeky child, can be endearing).","Insult,Banter"
de-DE,INSULT,,Fußhupe,"Foot honk (a small, yappy dog).","Insult,Banter"
de-DE,INSULT,,Arschgeige,"Butt violin (complete idiot, incompetent person - very informal, can be playful among friends).","Insult,Banter"
de-DE,INSULT,,Arsch mit Ohren,"Butt with ears (a fool, someone lacking common sense - very informal).","Insult,Banter"
de-DE,INSULT,,Evolutionsbremse,Evolutionary brake (someone so backward they're holding back human progress - harsh but witty).,"Insult,Banter"
de-DE,INSULT,,Bananenbieger,Banana bender (someone doing a pointless or nonsensical job).,"Insult,Banter"
de-DE,INSULT,,Einzeller,Single-celled organism (insulting someone's intelligence).,"Insult,Banter"
de-DE,INSULT,,Hosenscheißer,Pants pooper (coward - very informal).,"Insult,Banter"
de-DE,INSULT,,Kotzbrocken,Vomit chunk (disgusting or despicable person - very offensive).,"Insult,Banter"
de-DE,INSULT,,Gehirnverweigerer,Brain refuser (someone who refuses to think).,"Insult,Banter"
de-DE,INSULT,,Schluckspecht,"Swallow woodpecker (heavy drinker, alcoholic).","Insult,Banter"
de-DE,INSULT,,Tratschtante,Gossip aunt (a gossipmonger).,"Insult,Banter"
de-DE,INSULT,,Speichellecker,"Saliva licker (sycophant, bootlicker).","Insult,Banter"
de-DE,INSULT,,Schweinehund,"Pigdog (bastard, scoundrel; also used for innerer Schweinehund - one's weaker self/inner laziness).","Insult,Banter"
de-DE,INSULT,,Trantüte,"Slowpoke, ditherer","Insult,Banter"
de-DE,INSULT,,Backpfeifengesicht,A face that begs to be slapped (someone very annoying or arrogant).,"Insult,Banter"
de-DE,INSULT,,Blockflötengesicht,Recorder face (someone with a dumb or expressionless face).,"Insult,Banter"
de-DE,INSULT,,Socken-in-Sandalen-Träger,"Socks-in-sandals wearer (fashion faux pas, implies being uncool or a tourist).","Insult,Banter"
de-DE,INSULT,,Weichei,"Soft egg (wimp, coward).","Insult,Banter"
de-DE,INSULT,,Klugscheißer,Know-it-all,"Insult,Banter"
de-DE,INSULT,,Labertasche,Chatterbox,"Insult,Banter"
de-DE,INSULT,,Naseweis,"Smart aleck, know-it-all (often for children).","Insult,Banter"
de-DE,INSULT,,Pappnase,"Cardboard nose (fool, idiot; also a red nose worn by clowns).","Insult,Banter"
de-DE,INSULT,,Heulsuse,Crybaby.,"Insult,Banter"
de-DE,INSULT,,Angsthase,Scaredy-cat,"Insult,Banter"
de-DE,INSULT,,Dummkopf,"Dumb head, idiot.","Insult,Banter"
de-DE,INSULT,,Hornochse,"Horned ox (blockhead, dimwit - strong insult).","Insult,Banter"
de-DE,INSULT,,Pflaume,Plum (can mean wimp or loser).,"Insult,Banter"
de-DE,INSULT,,Spacko / Spasti,"Spaz (offensive, derogatory term for someone clumsy or foolish, derived from spastic). Use with extreme caution or not at all.","Insult,Banter"
de-DE,INSULT,,Hackfresse,Chopped face (ugly person - very offensive).,"Insult,Banter"
de-DE,INSULT,,Vollpfosten,Complete post (utter idiot).,"Insult,Banter"
de-DE,INSULT,,Karussellbremser,Carousel brakeman (someone too stupid for any job requiring minimal brainpower; implies they slow everything down).,"Insult,Banter"
de-DE,INSULT,,Spaßbremse,"Fun brake (killjoy, someone who spoils the fun).","Insult,Banter"
de-DE,INSULT,,Dünnschissgurgler,Diarrhea gargler (extremely vulgar and nonsensical insult).,"Insult,Banter"
de-DE,INSULT,,Klappspaten,"Folding spade (idiot, useless person).","Insult,Banter"
de-DE,JOKE,Berlin,"Säufste, stirbste, säufste nich, stirbste ooch, also säufste.","If you drink, you die; if you don't drink, you die too; so drink. (A fatalistic, humorous justification for drinking alcohol - Berlin).","Joke,Berlin"
de-DE,JOKE,Berlin,Den/Dich hamse wohl mit'n Klammerbeutel jepudert?,"Are you nuts? / Have you lost your mind? / Are you completely stupid? (Questioning someone's sanity or intelligence, often humorously - Berlin).","Joke,Berlin"
de-DE,JOKE,Fritzchen-Witze,"Lehrer: ""Wo wurde der Friedensvertrag von 1806 unterschrieben?"" – Fritzchen: ""Unten rechts?""","(Teacher: ""Where was the peace treaty of 1806 signed?"" – Little Fritz: ""At the bottom right?"")","Joke,Fritzchen"
de-DE,JOKE,Fritzchen-Witze,"Fritzchen fragt seine Mutter: ""Mama, darf ich mit Opa Seilbahn fahren?"" Mutter: ""Nein, Fritzchen, der Opa wird ordentlich begraben!""","(Little Fritz asks his mother: ""Mom, can I go on a cable car ride with Grandpa?"" Mother: ""No, Fritzchen, Grandpa will be buried properly!"")","Joke,Fritzchen"
de-DE,JOKE,Fritzchen-Witze,"Fritzchen kommt nach Hause und sagt: ""Mama, ich habe heute als Einziger in der Klasse eine Eins bekommen!"" Fragt die Mutter: ""Wirklich? In welchem Fach denn?"" Fritzchen: ""Beim Alkoholtest.""","(Little Fritz comes home and says: ""Mom, today I was the only one in class to get an A!"" Mother asks: ""Really? In what subject?"" Fritzchen: ""In the alcohol test."")","Joke,Fritzchen"
de-DE,JOKE,Alle Kinder Witze,"Alle Kinder bleiben am Abgrund stehen, nur nicht Peter, der läuft noch'n Meter.","(All children stop before the gorge, only Peter walks another meter.)","Joke,AlleKinder"
de-DE,JOKE,Alle Kinder Witze,"Alle Kinder spielen auf der Baustelle, außer Rolf, der spielt Golf.","(All children play on the construction site, except Rolf, he plays golf.)","Joke,AlleKinder"
de-DE,JOKE,Alle Kinder Witze,"Alle Kinder schauen auf das brennende Haus, nur nicht Klaus, der schaut raus.","(All children look at the burning house, except Klaus, he's looking out.)","Joke,AlleKinder"
de-DE,JOKE,Bauernregeln,"Trinkt der Bauer und fährt Traktor, wird er zum Gefahrenfaktor.","(If the farmer drinks and rides his tractor, he becomes a danger factor.)","Joke,Bauernregel"
de-DE,JOKE,Bauernregeln,"Kräht der Hahn auf dem Mist, ändert sich das Wetter oder es bleibt wie es ist.","(If the rooster crows on the dung heap, the weather changes or it stays as it is.)","Joke,Bauernregel"
de-DE,JOKE,Kalauer & Flachwitze,"Was sagt ein Krokodil, nachdem es einen Clown gefressen hat? – Schmeckt komisch!",(What does a crocodile say after eating a clown? – Tastes funny!),"Joke,Pun,Wordplay"
de-DE,JOKE,Kalauer & Flachwitze,Was ist ein Keks unterm Baum? – Ein schattiges Plätzchen.,(What do you call a cookie under a tree? – A shady spot / cookie.),"Joke,Pun,Wordplay"
de-DE,JOKE,Kalauer & Flachwitze,Warum steht ein Pils im Wald? – Weil die Tannen zapfen.,(Why is there a Pils (beer) in the forest? – Because the fir trees are drawing beer / Because of the pine cones.),"Joke,Pun,Wordplay"
de-DE,JOKE,Kalauer & Flachwitze,Treffen sich zwei Jäger. Beide tot.,(Two hunters meet. Both dead.),"Joke,Pun,Wordplay"
de-DE,JOKE,Kalauer & Flachwitze,"""Ich habe heute Brotteig beim Sport mitgemacht."" - ""Und, wie war's?"" - ""Naja, ich bin nicht richtig aufgegangen.""","(""I took bread dough to sports class today."" - ""And how was it?"" - ""Well, I didn't really rise/get into it."")","Joke,Pun,Wordplay"
de-DE,JOKE,Kalauer & Flachwitze,Was macht ein Clown im Büro? – Faxen.,(What does a clown do in the office? – Faxen.),"Joke,Pun,Wordplay"
de-DE,JOKE,Kalauer & Flachwitze,"Sagt der Walfisch zum Thunfisch: ""Was sollen wir tun, Fisch?"" Sagt der Thunfisch zum Walfisch: ""Du hast die Wahl, Fisch!""","(Says the whale to the tuna: ""What should we do, fish?"" Says the tuna to the whale: ""You have the choice, fish!"")","Joke,Pun,Wordplay"
de-DE,JOKE,Other Jokes,"Was ist der Unterschied zwischen einem Saxen und einem Ausländer? Den Ausländer versteht man, wenn er Deutsch spricht.",(What is the difference between a Saxon and a foreigner? You'll understand the foreigner when he speaks German. - Pokes fun at the Saxon dialect).,Joke
de-DE,JOKE,Other Jokes,"Mami, Mami, ich will nicht in die USA!” – “Sei ruhig und schwimm weiter.”","(“Mummy, mummy, I don't want to go to the USA!” – “Shut up and keep swimming.”)",Joke
de-DE,JOKE,Other Jokes,"Kunde im Supermarkt: ""Haben Sie denn gar keine Eier?"" Verkäuferin: ""Doch, aber die sind heute alle krankgeschrieben.""","(Customer in supermarket: ""Don't you have any eggs at all?"" Saleswoman: ""Yes, but they're all on sick leave today."")",Joke
de-DE,JOKE,Other Jokes,"Zwei Männer gehen durch die Wüste. Sagt der eine: ""Lass mich mal in die Mitte.""","(Two men are walking through the desert. One says: ""Let me walk in the middle."")",Joke
de-DE,JOKE,Other Jokes,Was passiert mit einem roten Stein der ins Schwarze Meer fällt? – Er wird nass.,(What happens if you drop a red stone into the Black Sea? – It'll get wet.),Joke
de-DE,WORDPLAY,Swabia,Muggeseggele,Fly's scrotum (Swabian - humorous term for something extremely small).,"Wordplay,Pun,Swabia"
de-DE,WORDPLAY,,Nasenfahrrad,"Glasses/Specs (humorous, somewhat dated).","Wordplay,Pun"
de-DE,WORDPLAY,,Kater,Hangover. Also Muskelkater for sore muscles.,"Wordplay,Pun"
de-DE,WORDPLAY,,Wortwitz,A pun or play on words.,"Wordplay,Pun"
de-DE,WORDPLAY,,Teekesselchen,"A game where one word has multiple meanings, and players have to guess the word based on descriptions of its different meanings.","Wordplay,Pun"
de-DE,WORDPLAY,,Kalauer,"A pun, often a bad or obvious one (dad joke).","Wordplay,Pun"
de-DE,TONGUE_TWISTER,,"Fischers Fritz fischt frische Fische, frische Fische fischt Fischers Fritz.","(Targets f, sch [ʃ], r sounds. Fischer's Fritz fishes fresh fish, fresh fish fishes Fischer's Fritz.)",TongueTwister
de-DE,TONGUE_TWISTER,,Blaukraut bleibt Blaukraut und Brautkleid bleibt Brautkleid.,"(Targets bl, br, kr, kl clusters, au vs. ei diphthongs, l/r alternation. Red cabbage remains red cabbage and wedding dress remains wedding dress.)",TongueTwister
de-DE,TONGUE_TWISTER,,Zehn zahme Ziegen zogen zehn Zentner Zucker zum Zoo.,(Targets z [ts] sound. Ten tame goats pulled ten hundredweights of sugar to the zoo.),TongueTwister
de-DE,TONGUE_TWISTER,,Der Cottbuser Postkutscher putzt den Cottbuser Postkutschkasten.,"(Targets k, tsch [tʃ], s, tz [ts], p, repetition. The Cottbus stagecoach driver cleans the Cottbus stagecoach box.)",TongueTwister
de-DE,TONGUE_TWISTER,,"Wenn Fliegen hinter Fliegen fliegen, fliegen Fliegen Fliegen nach.","(Targets f, fl, g sounds, distinguishing noun from verb. When flies fly behind flies, flies fly after flies.)",TongueTwister
de-DE,TONGUE_TWISTER,,"In Ulm, um Ulm, und um Ulm herum.","(Targets l, m sounds. In Ulm, around Ulm, and all around Ulm.)",TongueTwister
de-DE,TONGUE_TWISTER,,Acht alte Ameisen aßen am Abend Ananas.,(Or: Achtzig alte Ameisen aßen am Abend achtzig Ananas.) (Targets vowel 'a' [a:] sound. Eight old ants ate pineapple in the evening. / Eighty old ants ate eighty pineapples in the evening.),TongueTwister
de-DE,TONGUE_TWISTER,,"Die Katzen kratzen im Katzenkasten, im Katzenkasten kratzen Katzen.","(Targets k, tz [ts], r sounds. The cats scratch in the cat box, in the cat box scratch cats.)",TongueTwister
de-DE,TONGUE_TWISTER,,Im dichten Fichtendickicht sind dicke Fichten wichtig.,"(Targets d, ch [ç], t, k clusters. In the dense spruce thicket, thick spruces are important.)",TongueTwister
de-DE,TONGUE_TWISTER,,Zwischen zwei Zwetschgenzweigen zwitschern zwei Schwalben.,"(Targets z [ts], w [v], sch [ʃ], tsch [tʃ] sounds. Between two plum branches chirp two swallows.)",TongueTwister
de-DE,TONGUE_TWISTER,,Bierbrauer Bauer braut braunes Bier.,"(Targets b, r clusters, au [aʊ] diphthong. Beer brewer Bauer brews brown beer.)",TongueTwister
de-DE,TONGUE_TWISTER,,Es klapperten die Klapperschlangen bis ihre Klappern schlapper klangen.,"(Targets kl, p, r, sch [ʃ], l sounds, rhyme. The rattlesnakes rattled until their rattles sounded weaker.)",TongueTwister
de-DE,TONGUE_TWISTER,,Hottentottenpotentatentantenattentat,"(Extremely long compound word - Note: ""Hottentot"" is an outdated/offensive term for the Khoikhoi people. This is more of a word puzzle.)",TongueTwister
de-DE,TONGUE_TWISTER,,Graben Grabengräber Gruben? Graben Grubengräber Gräben? Nein! Grabengräber graben Gräben. Grubengräber graben Gruben.,"(Targets g, r, b sounds, similar words, logical puzzle. Do ditch diggers dig pits? Do pit diggers dig ditches? No! Ditch diggers dig ditches. Pit diggers dig pits.)",TongueTwister
de-DE,TONGUE_TWISTER,,Bürsten mit schwarzen Borsten bürsten besser als Bürsten mit weißen Borsten.,"(Targets b, r, s, t, sch [ʃ] sounds; ü [y] vs. o [ɔ] vowels. Brushes with black bristles brush better than brushes with white bristles.)",TongueTwister
de-DE,TONGUE_TWISTER,,"Ob er über Oberammergau, oder aber über Unterammergau, oder ob er überhaupt nicht kommt, ist nicht gewiss.","(Targets o, u, au, ei vowels; b, r consonants; long sentence. Whether he comes via Oberammergau, or via Unterammergau, or whether he doesn't come at all, is not certain.)",TongueTwister
de-DE,TONGUE_TWISTER,,"Schnecken erschrecken, wenn sie an Schnecken schlecken, weil zum Schrecken vieler Schnecken Schnecken nicht schmecken.","(Targets sch [ʃ], n, k, l sounds, repetition, complex sentence. Snails get scared when they lick snails, because to the horror of many snails, snails don't taste good.)",TongueTwister
de-DE,TONGUE_TWISTER,,"Wir Wiener Waschweiber würden weiße Wäsche waschen, wenn wir wüssten, wo warmes Wasser wäre.","(Targets w [v], sch [ʃ], s sounds, vowel variety. We Viennese washerwomen would wash white laundry if we knew where warm water was.)",TongueTwister
de-DE,TONGUE_TWISTER,,"Wenn du Wachsmasken magst, Max macht Wachsmasken aus Wachsmaskenwachs.","(Targets w [v], k, s, x [ks] sounds. If you like wax masks, Max makes wax masks from wax mask wax.)",TongueTwister
de-DE,TONGUE_TWISTER,,Der faule Paul klaut blaue Pflaumen vom Baum.,(Lazy Paul steals blue plums from the tree.),TongueTwister
de-DE,TONGUE_TWISTER,,Lang schwang der Klang am Hang entlang.,(Long swung the sound along the slope.),TongueTwister
de-DE,TONGUE_TWISTER,,Furcht vor Fruchtfleisch führt zu Flucht vor Fruchtfleisch.,(Fear of fruit pulp leads to flight from fruit pulp.),TongueTwister
de-DE,TONGUE_TWISTER,,Jedes Jahr im Juli essen Julia und Jens Johannisbeeren.,"(Every year in July, Julia and Jens eat currants.)",TongueTwister
de-DE,TONGUE_TWISTER,,Kluge kleine Katzen kratzen keine Krokodile.,"(Variation: Kluge kleine Katzen kratzen keine Krokodile, sondern kluge kleine Katzen kratzen kahle Kinnbacken. - Clever little cats don't scratch crocodiles; instead, clever little cats scratch bald chins.) (Clever little cats don't scratch crocodiles.)",TongueTwister
de-DE,TONGUE_TWISTER,,"Müller, mahl mir mein Mehl, meine Mutter will mir heute Mehlbrei machen.","(Miller, grind my flour for me, my mother wants to make me flour porridge today.)",TongueTwister
de-DE,TONGUE_TWISTER,,Drei bärtige Reiter reiten rasend über graue Berge.,(Three bearded riders ride furiously over grey mountains.),TongueTwister
de-DE,TONGUE_TWISTER,,Müller Lümmer frühstückt schüsselweise grünes Gemüse.,(Miller Lümmer eats bowlfuls of green vegetables for breakfast.),TongueTwister
de-DE,TONGUE_TWISTER,,Dem Müllmann sein Mümmelmann mümmelt an dem Müll dran. An dem Müll dran mümmelt der Mümmelmann vom Müllmann.,"(The garbage man's bunny nibbles on the trash. On the trash nibbles the bunny of the garbage man. Mümmelmann is a colloquial term for a rabbit, mümmeln means to nibble.)",TongueTwister
de-DE,TONGUE_TWISTER,,"Einsame Esel essen nasse Nesseln nicht, nasse Nesseln essen einsame Esel nicht.","(Lonely donkeys don't eat wet nettles, wet nettles are not eaten by lonely donkeys.)",TongueTwister
de-DE,TONGUE_TWISTER,,Biberacher Bierbrauer brauen beständig braunes Biberacher Bockbier.,(Beer brewers from Biberach consistently brew brown Bock beer from Biberach.),TongueTwister
de-DE,TONGUE_TWISTER,,Ein Soldat mit stumpfen Stiefeln saß auf einem spitzen Stein und starrte stundenlang die stillen stummen Sternlein an.,"(A soldier with blunt boots sat on a pointy rock and stared at the silent, mute little stars for hours.)",TongueTwister
de-DE,TONGUE_TWISTER,,Gudruns Truthuhn tut gut ruhn.,(Gudrun's turkey is resting well.),TongueTwister
de-DE,TONGUE_TWISTER,,"Griesbrei bleibt Griesbrei, und Kriegsbeil bleibt Kriegsbeil.","(Semolina pudding stays semolina pudding, and a battle axe stays a battle axe.)",TongueTwister
de-DE,TONGUE_TWISTER,,Zwei Astronauten kauten und kauten während sie blaugrüne Mondsteine klaubten.,(Two astronauts chewed and chewed while they collected blue-green moonstones.),TongueTwister
de-DE,TONGUE_TWISTER,,Der Kaplan klebt klappbare Pappplakate an die klappbare Kapellwand.,(The chaplain sticks foldable cardboard posters onto the foldable chapel wall.),TongueTwister
de-DE,FILLER_WORD,,Jein,"Yes and no (blend of ja and nein, expresses indecision/uncertainty).","FillerWord,Interjection"
de-DE,FILLER_WORD,,Mist,Crap / Darn (expresses mild annoyance or disappointment).,"FillerWord,Interjection"
de-DE,FILLER_WORD,,Na ja,Well / I guess / Oh well (softens a statement or introduces slight disagreement/resignation).,"FillerWord,Interjection"
de-DE,FILLER_WORD,,Ach so!,"Ah, I see! / Oh, right! (expresses understanding).","FillerWord,Interjection"
de-DE,FILLER_WORD,,Genau,Exactly / Precisely.,"FillerWord,Interjection"
de-DE,FILLER_WORD,,Eben,Exactly / Just so / My point.,"FillerWord,Interjection"
de-DE,FILLER_WORD,,Halt,"Just / Simply (often untranslatable, adds emphasis or indicates something is just the way it is).","FillerWord,Interjection"
de-DE,FILLER_WORD,,Doch,Yes (used to contradict a negative statement or question).,"FillerWord,Interjection"
de-DE,FILLER_WORD,,Mensch!,"Man! / Gosh! (expresses surprise, exasperation, or sympathy).","FillerWord,Interjection"
de-DE,FILLER_WORD,,Boah!,"Wow! / Whoa! (expresses surprise, amazement, or being overwhelmed).","FillerWord,Interjection"
de-DE,FILLER_WORD,,Nanu?,"Well, now! / What's this? (expresses mild surprise).","FillerWord,Interjection"
de-DE,FILLER_WORD,,Tja,"Well... / Oh well... (expresses resignation, contemplation, or that there's nothing to be done).","FillerWord,Interjection"
de-DE,FILLER_WORD,,Oha!,Oh! / Uh oh! (expresses surprise or realization of a problem).,"FillerWord,Interjection"
de-DE,FILLER_WORD,,Uff!,Phew! (expresses relief or exhaustion).,"FillerWord,Interjection"
de-DE,FILLER_WORD,,Quasi,So to speak / As it were / Quasi.,"FillerWord,Interjection"
de-DE,FILLER_WORD,,Gel / Gelle,"Right? / Isn't it? (Tag question, especially Southern Germany for gelle).","FillerWord,Interjection"
de-DE,FILLER_WORD,,Gott sei Dank!,Thank God!,"FillerWord,Interjection"
de-DE,FILLER_WORD,,Verdammt!,Damn!,"FillerWord,Interjection"
de-DE,FILLER_WORD,,Donnerwetter!,Good heavens! / Wow!,"FillerWord,Interjection"
de-DE,SHORTCUT,Berlin,uffm,"auf dem (on the - contraction, Berlin and other regions)","Shortcut,Reduction,Berlin"
de-DE,SHORTCUT,Berlin,Weeste?,"Weißt du? / Verstehst du? (You know? / Understand? - Common tag question, Berlin reduction)","Shortcut,Reduction,Berlin"
de-DE,SHORTCUT,,Mach's Jut,Mach's gut (Take care - Eastern German pronunciation/reduction),"Shortcut,Reduction,EasternGermany"
de-DE,SHORTCUT,,n,ein / einen (a/an),"Shortcut,Reduction"
de-DE,SHORTCUT,,ne,eine (a/an),"Shortcut,Reduction"
de-DE,SHORTCUT,,ham / hab'n,haben (to have),"Shortcut,Reduction"
de-DE,SHORTCUT,,simmer / samma,sind wir / sagen wir (are we / say we),"Shortcut,Reduction"
de-DE,SHORTCUT,,gibt's,gibt es (there is/are),"Shortcut,Reduction"
de-DE,SHORTCUT,,haste,hast du (do you have),"Shortcut,Reduction"
de-DE,SHORTCUT,,kannste,kannst du (can you),"Shortcut,Reduction"
de-DE,SHORTCUT,,guck mal / kuck mal,schau mal (look),"Shortcut,Reduction"
de-DE,SHORTCUT,,isses,ist es (is it),"Shortcut,Reduction"
de-DE,SHORTCUT,,hamwa,haben wir (do we have),"Shortcut,Reduction"
de-DE,SHORTCUT,,wollnwa,wollen wir (do we want),"Shortcut,Reduction"
de-DE,UNIQUE_CONCEPT,Berlin,Berliner Schnauze,"Characteristic attitude of Berliners (direct, quick-witted, often gruff but good-hearted, dry/sarcastic humor).","UniqueConcept,Untranslatable,Berlin"
de-DE,UNIQUE_CONCEPT,Berlin,Wegbier,"Beer for the road (beer purchased to be enjoyed while walking or on public transport - Berlin concept, but practiced elsewhere too).","UniqueConcept,Untranslatable,Berlin"
de-DE,UNIQUE_CONCEPT,,Kiezdeutsch,"Colloquial form of German spoken by young people in multicultural neighborhoods, incorporating elements of Turkish, Arabic, etc.","UniqueConcept,Untranslatable"
de-DE,UNIQUE_CONCEPT,,Vokuhila,Mullet hairstyle,"UniqueConcept,Untranslatable"
de-DE,UNIQUE_CONCEPT,,Ossi,"Person from former East Germany (term reflecting historical division, can be derogatory or neutral depending on context).","UniqueConcept,Untranslatable"
de-DE,UNIQUE_CONCEPT,,Wessi,"Person from former West Germany (term reflecting historical division, can be derogatory or neutral depending on context).","UniqueConcept,Untranslatable"
de-DE,UNIQUE_CONCEPT,Hamburg,Hummel Hummel - Mors Mors,Traditional Hamburg greeting and response ritual.,"UniqueConcept,Untranslatable,Hamburg"
de-DE,UNIQUE_CONCEPT,Hesse,Abbelwoi / Ebbelwoi,Apple wine (regional specialty and cultural touchstone in Hesse).,"UniqueConcept,Untranslatable,Hesse"
de-DE,UNIQUE_CONCEPT,Hesse,Bembel,Specific type of pitcher for apple wine (Hesse).,"UniqueConcept,Untranslatable,Hesse"
de-DE,UNIQUE_CONCEPT,Hesse,Geripptes,Special type of glass for apple wine (Hesse).,"UniqueConcept,Untranslatable,Hesse"
de-DE,UNIQUE_CONCEPT,,Ohrwurm,Earworm (a song that gets stuck in your head).,"UniqueConcept,Untranslatable"
de-DE,UNIQUE_CONCEPT,,Sturmfrei,"Storm-free (when you have the house to yourself, especially parents being away).","UniqueConcept,Untranslatable"
de-DE,UNIQUE_CONCEPT,,Backpfeifengesicht,A face that begs to be slapped (see also Insults).,"UniqueConcept,Untranslatable,Insult"
de-DE,UNIQUE_CONCEPT,,Handschuhschneeballwerfer,"Glove snowball thrower (a wimp, someone who is overly cautious - humorous).","UniqueConcept,Untranslatable"
de-DE,UNIQUE_CONCEPT,,Dreikäsehoch,"Three cheeses high (a small child, often used affectionately or slightly mockingly for someone short).","UniqueConcept,Untranslatable"
de-DE,UNIQUE_CONCEPT,,Sprachgefühl,"Language feeling (an intuitive grasp of a language, a knack for languages).","UniqueConcept,Untranslatable"
de-DE,UNIQUE_CONCEPT,,Schadenfreude,Malicious joy (pleasure derived from someone else's misfortune).,"UniqueConcept,Untranslatable"
de-DE,UNIQUE_CONCEPT,,Fernweh,"Far-sickness (a longing for distant places, wanderlust; the opposite of Heimweh - homesickness).","UniqueConcept,Untranslatable"
de-DE,UNIQUE_CONCEPT,,Verschlimmbessern,To make something worse by trying to improve it.,"UniqueConcept,Untranslatable"
de-DE,UNIQUE_CONCEPT,,Innerer Schweinehund,"Inner pig-dog (one's weaker self, the voice that encourages laziness or procrastination).","UniqueConcept,Untranslatable"
de-DE,UNIQUE_CONCEPT,,Erklärungsnot,Explanation distress (being put on the spot and struggling to quickly explain oneself or a situation).,"UniqueConcept,Untranslatable"
de-DE,UNIQUE_CONCEPT,,Torschlusspanik,Gate-closing panic (fear of missing out as opportunities diminish with age).,"UniqueConcept,Untranslatable"
de-DE,UNIQUE_CONCEPT,,Weltschmerz,World-pain (a feeling of melancholy and weariness with the world).,"UniqueConcept,Untranslatable"
de-DE,UNIQUE_CONCEPT,,Kummerspeck,Grief bacon/blubber (excess weight gained from emotional overeating).,"UniqueConcept,Untranslatable"
de-DE,UNIQUE_CONCEPT,,Zugzwang,"Move-compulsion (a situation where one is forced to make a move, and any move is disadvantageous).","UniqueConcept,Untranslatable"
de-DE,UNIQUE_CONCEPT,,Pantoffelheld,Slipper hero (a man who is henpecked).,"UniqueConcept,Untranslatable"
de-DE,UNIQUE_CONCEPT,,Kuddelmuddel,"Hodgepodge, mess, chaos.","UniqueConcept,Untranslatable"
de-DE,UNIQUE_CONCEPT,,Wanderlust,A strong desire to travel and explore the world (borrowed into English).,"UniqueConcept,Untranslatable"
de-DE,UNIQUE_CONCEPT,,Fingerspitzengefühl,"Fingertip feeling (intuition, tact, delicate handling of a situation).","UniqueConcept,Untranslatable"
de-DE,UNIQUE_CONCEPT,,Fremdschämen,"External shame (to feel embarrassed for someone else, vicarious embarrassment).","UniqueConcept,Untranslatable"
de-DE,UNIQUE_CONCEPT,,Sauregurkenzeit,"Sour pickle time (the off-season, news lull, dog days of summer).","UniqueConcept,Untranslatable"
de-DE,UNIQUE_CONCEPT,,Frühjahrsmüdigkeit,Springtime lethargy (a temporary feeling of tiredness or lassitude in spring).,"UniqueConcept,Untranslatable"
de-DE,UNIQUE_CONCEPT,,Honigkuchenpferd,"Honey-cake horse (to grin like a Cheshire cat, to beam broadly and foolishly).","UniqueConcept,Untranslatable"
de-DE,UNIQUE_CONCEPT,,Geborgenheit,"A feeling of security, safety, warmth, comfort, and peace.","UniqueConcept,Untranslatable"
de-DE,UNIQUE_CONCEPT,,Kopfkino,Head cinema (vividly imagining a scenario).,"UniqueConcept,Untranslatable"
de-DE,UNIQUE_CONCEPT,,Gedankenkarussell,"Thought carousel (when thoughts keep spinning in one's head, overthinking).","UniqueConcept,Untranslatable"
de-DE,UNIQUE_CONCEPT,,Feierabend,End of the workday (celebratory feeling of finishing work).,"UniqueConcept,Untranslatable"
de-DE,UNIQUE_CONCEPT,,Schnapsidee,Schnapps idea (a crazy or ill-thought-out idea).,"UniqueConcept,Untranslatable"
de-DE,UNIQUE_CONCEPT,,Waldeinsamkeit,Forest loneliness (a feeling of solitude and peacefulness in a forest).,"UniqueConcept,Untranslatable"
de-DE,UNIQUE_CONCEPT,,Zeitgeist,Spirit of the age (the defining mood or spirit of a particular period of history).,"UniqueConcept,Untranslatable"
de-DE,UNIQUE_CONCEPT,,Doppelgänger,Double-goer (a look-alike or double of a living person).,"UniqueConcept,Untranslatable"
de-DE,UNIQUE_CONCEPT,,Mumpitz,"Nonsense, humbug (can also refer to a bogeyman figure).","UniqueConcept,Untranslatable"
de-DE,UNIQUE_CONCEPT,,Hagestolz,A confirmed bachelor (often with a slightly melancholic or eccentric connotation).,"UniqueConcept,Untranslatable"
de-DE,UNIQUE_CONCEPT,,Betthupferl,A small treat (like a sweet) eaten before going to bed (Southern Germany/Austria).,"UniqueConcept,Untranslatable,SouthernGermany,Austria"
de-DE,UNIQUE_CONCEPT,,Rabauke,"Rascal, rowdy, boisterous (often for children).","UniqueConcept,Untranslatable"
de-DE,UNIQUE_CONCEPT,,Flausen im Kopf haben,To have silly ideas or bees in one's bonnet,"UniqueConcept,Untranslatable"
de-DE,UNIQUE_CONCEPT,,Pappenheimer,"Knowing one's people, often in a slightly resigned or knowing way. From Schiller's ""Wallenstein.""","UniqueConcept,Untranslatable,CulturalReference"
de-DE,UNIQUE_CONCEPT,,Stammtisch,"A regulars' table in a pub, often associated with opinionated discussions.","UniqueConcept,Untranslatable"
de-DE,CULTURAL_REFERENCE,Berlin,Ick sitze da und esse Klops...,"Opening line of a famous, nonsensical Berlin rhyme/song (""Klopslied"") - Iconic cultural reference. (Klops = meatball).","CulturalReference,Berlin"
de-DE,CULTURAL_REFERENCE,Berlin,Barbaras Rhabarberbar,"Viral rap song based on a tongue twister about Barbara's rhubarb bar, created by Berlin musicians - Modern cultural reference.","CulturalReference,Berlin"
de-DE,CULTURAL_REFERENCE,Hamburg,Hummel Hummel - Mors Mors,Traditional Hamburg greeting ritual - Local cultural reference.,"CulturalReference,Hamburg"
de-DE,CULTURAL_REFERENCE,Hamburg,Kiez,"In Hamburg, refers almost exclusively to the Reeperbahn, the city's famous nightclub district - Specific regional cultural reference tied to a word.","CulturalReference,Hamburg"
de-DE,CULTURAL_REFERENCE,Rhineland,Carnival (Karneval / Fasching / Fastnacht),"The Rhineland's (especially Cologne, Mainz, Düsseldorf) lively culture and Carnival celebrations influence slang and local customs (Alaaf, Helau, Kamelle, Bützje).","CulturalReference,Rhineland"
de-DE,CULTURAL_REFERENCE,Hesse,Apple wine (Äppelwoi/Ebbelwoi),"The significance of apple wine in Hessian culture is reflected in local slang and dedicated paraphernalia (Bembel, Geripptes).","CulturalReference,Hesse"
de-DE,CULTURAL_REFERENCE,Bavaria,Oktoberfest (Wiesn),"The world's largest Volksfest, held annually in Munich, Bavaria. Influences Bavarian culture, beer consumption, and traditional attire (Dirndl, Lederhosen, Maß).","CulturalReference,Bavaria"
de-DE,CULTURAL_REFERENCE,,Tatort,"""Crime Scene"" - a very popular and long-running German/Austrian/Swiss TV crime series, with different cities and detective teams. A Sunday evening ritual for many.",CulturalReference
de-DE,CULTURAL_REFERENCE,,Die Sendung mit der Maus,"""The Program with the Mouse"" - an iconic children's television series, known for its educational segments (""Lach- und Sachgeschichten"").",CulturalReference
de-DE,CULTURAL_REFERENCE,,Mainzelmännchen,Small animated characters that appear in commercial breaks on the ZDF television channel.,CulturalReference
de-DE,CULTURAL_REFERENCE,,Sandmännchen,"""Little Sandman"" - a beloved children's bedtime television program, with different versions in former East and West Germany that continue today.",CulturalReference
de-DE,CULTURAL_REFERENCE,,Ampelmännchen,"The symbolic figure on pedestrian traffic lights in former East Germany, now a cult figure and popular souvenir.",CulturalReference
de-DE,CULTURAL_REFERENCE,,Schlager,"A style of popular music with sentimental lyrics and catchy tunes, very popular in Germany. Artists like Helene Fischer, Andrea Berg.",CulturalReference
de-DE,CULTURAL_REFERENCE,,Rammstein,"Internationally famous German Neue Deutsche Härte band, known for their controversial lyrics and elaborate stage shows.",CulturalReference
de-DE,CULTURAL_REFERENCE,,Kraftwerk,Pioneering German electronic music band.,CulturalReference
de-DE,CULTURAL_REFERENCE,,Goethe und Schiller,"Germany's most famous classical writers, often quoted or referenced.",CulturalReference
de-DE,CULTURAL_REFERENCE,,Das Reinheitsgebot,The German Beer Purity Law of 1516.,CulturalReference
de-DE,CULTURAL_REFERENCE,,Autobahn,"The German highway system, famous for having sections with no speed limits.",CulturalReference
de-DE,GREETING_FAREWELL,,Hallo,"Hello (widely recognized, less formal than Guten Tag).","Greeting,Farewell,Informal,Greeting"
de-DE,GREETING_FAREWELL,,Hallöchen,"Cutesy, very informal version of Hallo.","Greeting,Farewell,Informal,Greeting"
de-DE,GREETING_FAREWELL,,Na?,"Hey / What's up? / Well? (very casual, often used among close acquaintances to initiate conversation or as a response).","Greeting,Farewell,Informal,Greeting"
de-DE,GREETING_FAREWELL,Northern Germany,Moin,"Hello (Northern Germany, used throughout the day).","Greeting,Farewell,Informal,Greeting,Northern Germany"
de-DE,GREETING_FAREWELL,Northern Germany,Moinsen,Playful variation of Moin (Northern Germany).,"Greeting,Farewell,Informal,Greeting,Northern Germany"
de-DE,GREETING_FAREWELL,Rhineland,Tach,"Greeting (North Rhine-Westphalia and other regions, short for Guten Tag, used at any time).","Greeting,Farewell,Informal,Greeting,Rhineland"
de-DE,GREETING_FAREWELL,Bavaria,Servus,"Hello / Goodbye (Bavaria and Austria, versatile).","Greeting,Farewell,Informal,Greeting,Farewell,Bavaria,Austria"
de-DE,GREETING_FAREWELL,Bavaria,Grüß Gott,"Hello (Southern Germany, especially Bavaria, and Austria; lit. Greet God).","Greeting,Farewell,Informal,Greeting,Bavaria,SouthernGermany,Austria"
de-DE,GREETING_FAREWELL,Switzerland,Grüezi,Hello (Swiss German).,"Greeting,Farewell,Informal,Greeting,Switzerland"
de-DE,GREETING_FAREWELL,,Tschüss,Bye (most popular informal farewell).,"Greeting,Farewell,Informal,Farewell"
de-DE,GREETING_FAREWELL,,Tschüssi / Tschüssikowski,More casual/playful variation of Tschüss.,"Greeting,Farewell,Informal,Farewell"
de-DE,GREETING_FAREWELL,,Mach's gut,Have a good one / Take care (common and friendly farewell).,"Greeting,Farewell,Informal,Farewell"
de-DE,GREETING_FAREWELL,,Bis dann / Bis später,See you then / See you later.,"Greeting,Farewell,Informal,Farewell"
de-DE,GREETING_FAREWELL,,Bis bald,See you soon.,"Greeting,Farewell,Informal,Farewell"
de-DE,GREETING_FAREWELL,,Ciao,"Bye (borrowed from Italian, common).","Greeting,Farewell,Informal,Farewell"
de-DE,GREETING_FAREWELL,Swabia,Ade,"Farewell (Southern Germany, especially Swabia; also Austria).","Greeting,Farewell,Informal,Farewell,Swabia,SouthernGermany,Austria"
de-DE,GREETING_FAREWELL,Berlin,Juten Tach,Good Day / Hello (Berlin accent version of Guten Tag).,"Greeting,Farewell,Informal,Greeting,Berlin"
de-DE,GREETING_FAREWELL,Swabia,Grüß dich / Griaßde / Griaß Eich,"Hello (Swabia, Bavaria - informal, singular 'you' / plural 'you').","Greeting,Farewell,Informal,Greeting,Swabia,Bavaria"
de-DE,GREETING_FAREWELL,Swabia,Salli!,"Hi! (Swabia, influenced by French ""Salut"").","Greeting,Farewell,Informal,Greeting,Swabia"
de-DE,GREETING_FAREWELL,Hesse,Ei Gude!,"Hello (Hesse and Rhineland, used at any time).","Greeting,Farewell,Informal,Greeting,Hesse,Rhineland"
de-DE,GREETING_FAREWELL,Hesse,Dschö!,"Goodbye (Hesse, casual).","Greeting,Farewell,Informal,Farewell,Hesse"
de-DE,GREETING_FAREWELL,,Man sieht sich!,See you around!,"Greeting,Farewell,Informal,Farewell"
de-DE,GREETING_FAREWELL,,Wir sprechen uns!,"We'll speak soon! (Often used in a business context for ""talk to you later"").","Greeting,Farewell,Informal,Farewell"
de-DE,GREETING_FAREWELL,,Hau rein!,Go for it! / Take care! / Bye! (very informal).,"Greeting,Farewell,Informal,Farewell"
de-DE,GREETING_FAREWELL,Bavaria,Pfiati Gott,"Goodbye and God bless (Bavaria, more formal than Pfiati).","Greeting,Farewell,Informal,Farewell,Bavaria"
de-DE,GREETING_FAREWELL,,Tagchen,Little day (cutesy/informal hello).,"Greeting,Farewell,Informal,Greeting"
de-DE,ENDEARMENT,Berlin,Keule,"Bro / Man / Pal / Buddy (addressing close friends, Berlin, more prevalent in Wedding district).","Endearment,Address,Berlin"
de-DE,ENDEARMENT,Berlin,Atze,"Bro / Man / Pal / Buddy (addressing close friends, Berlin, favored in Zehlendorf area, can imply closer bond than Keule).","Endearment,Address,Berlin"
de-DE,ENDEARMENT,Northern Germany,Dicker / Digga,"Mate / Bro (close male friends, Northern Germany and widely used, Digga gaining popularity through hip-hop).","Endearment,Address,Northern Germany"
de-DE,ENDEARMENT,,Bre / Brudi,"Bro / Dude (Youth slang, from German rap).","Endearment,Address,YouthSlang"
de-DE,ENDEARMENT,,Alter,"Dude / Bro (Popular among youth across Germany, including Berlin. Can also express surprise or annoyance).","Endearment,Address,YouthSlang"
de-DE,ENDEARMENT,,Göre,"(Freches) Mädchen ((cheeky/sassy) girl - can be a term of address, sometimes dismissive, sometimes affectionate).","Endearment,Address"
de-DE,ENDEARMENT,,Schatz / Schätzchen,"Treasure / Little treasure (common term of endearment for partners, children, close friends).","Endearment,Address"
de-DE,ENDEARMENT,,Maus / Mausi / Mäuschen,"Mouse / Little mouse (common term of endearment, similar to Schatz).","Endearment,Address"
de-DE,ENDEARMENT,,Hase / Hasi / Häschen,Bunny / Little bunny (common term of endearment).,"Endearment,Address"
de-DE,ENDEARMENT,,Liebling,Darling / Sweetheart.,"Endearment,Address"
de-DE,ENDEARMENT,,Süße / Süßer,Sweetie (female/male).,"Endearment,Address"
de-DE,ENDEARMENT,Hamburg,Perle,"Pearl (can be used for a girlfriend or a generally great woman, sometimes Hamburg-specific for a good soul).","Endearment,Address,Hamburg"
de-DE,ENDEARMENT,,Brüderlein / Schwesterlein,"Little brother / little sister (affectionate, can be used for close friends too).","Endearment,Address"
de-DE,ENDEARMENT,,Chef / Chefin,Boss (can be used playfully to address someone in charge or even a friend who is being bossy).,"Endearment,Address"
de-DE,ENDEARMENT,,Engel / Engelchen,Angel / Little angel.,"Endearment,Address"
de-DE,ENDEARMENT,,Sonnenschein,Sunshine.,"Endearment,Address"
de-DE,ENDEARMENT,,Herzblatt,"Heart-leaf (sweetheart, darling - somewhat old-fashioned but still used).","Endearment,Address"
de-DE,ENDEARMENT,,Schnucki / Schnuckiputzi,"Cute, sweet term of endearment, can be a bit cutesy/kitschy.","Endearment,Address"
de-DE,ENDEARMENT,,Spatz / Spätzchen,Sparrow / Little sparrow (often for children).,"Endearment,Address"